BLOCK,PLOT,TREE,SPP,DBH.11,DBH.23,HT.23,LLB.HT.23,STATUS.23
B2,1,100,NS,,5.4,,,1
B2,1,101,NS,,5.1,,,1
B2,1,102,NS,,4.3,,,1
B2,1,103,WS,,1.4,,,1
B2,1,104,NS,,1.9,,,1
B2,1,105,NS,,0.3,,,1
B2,1,106,NS,,4.5,,,1
B2,1,107,NS,,4.8,,,1
B2,1,108,NS,,6.4,,,1
B2,1,109,NS,,3.1,,,1
B2,1,709,NS,1.7,,,,14
B2,1,710,NS,2.4,,,,14
B2,1,711,WS,2,3.9,,,1
B2,1,712,NS,1,3,,,1
B2,1,713,NS,1.3,2.8,,,1
B2,1,714,WS,2,3.9,,,1
B2,1,715,NS,4.8,9,,,1
B2,1,716,WS,2.8,4.6,,,1
B2,1,717,WS,,4.9,,,1
B2,1,718,NS,,7.2,,,1
B2,1,719,NS,,5.5,31,4,1
B2,1,720,NS,,1.9,,,1
B2,1,721,NS,4.4,7.6,,,1
B2,1,722,NS,3,6,,,1
B2,1,723,WS,2.6,4.2,,,1
B2,1,724,NS,2.7,4.3,,,1
B2,1,725,NS,3.3,6.2,,,1
B2,1,726,WS,1.3,3.3,24,6,1
B2,1,727,NS,2.3,3.6,,,1
B2,1,728,NS,2.2,4.5,25,8.5,1
B2,1,729,WS,2,3.5,,,1
B2,1,730,NS,2.8,5.8,,,1
B2,1,731,WS,,2.4,,,1
B2,1,732,NS,3.1,5.7,28.5,11.5,1
B2,1,733,WS,2.6,5.3,,,1
B2,1,734,NS,2.8,4.7,,,1
B2,1,735,WS,,4.3,,,1
B2,1,736,NS,2.9,4.3,27,5.5,1
B2,1,737,WS,2.7,4.5,28,10,1
B2,1,738,WS,3.1,5.2,32.5,28,1
B2,1,739,WS,,5.9,,,1
B2,1,740,NS,,5.2,,,1
B2,1,741,NS,3.4,6.1,31.5,5.5,1
B2,1,742,NS,3.5,5.9,29,9.5,1
B2,1,743,NS,3.1,5.2,,,1
B2,1,744,NS,,5,,,1
B2,1,745,WS,2.3,4.6,,,1
B2,1,746,WS,3.6,5.8,,,1
B2,1,747,NS,2.6,4.5,,,1
B2,1,748,NS,2.5,4.1,,,1
B2,1,749,NS,,9.6,,,1
B2,1,750,WS,2.4,3.6,,,1
B2,1,751,NS,2.4,4.2,,,1
B2,1,752,NS,1,2.2,14,9.5,1
B2,1,753,WS,2.6,4.7,30,14,1
B2,1,754,NS,3.4,7,36.5,11.5,1
B2,1,755,WS,2.7,4.8,,,1
B2,1,756,WS,3.3,5.7,,,1
B2,1,757,WS,3.5,5.9,,,1
B2,1,758,WS,2.7,4.5,,,1
B2,1,759,NS,3.5,6.9,,,1
B2,1,760,NS,3.4,4.9,,,1
B2,1,761,WS,3.6,5.9,35.5,22,1
B2,1,762,NS,2,2.4,26.7,9,1
B2,1,763,WS,2.8,6,,,1
B2,1,764,WS,3.5,6.3,,,1
B2,1,765,NS,2.5,2,,,1
B2,1,766,WS,3.4,6.1,36,14,1
B2,1,767,NS,3.3,4.7,29.5,5,1
B2,1,768,NS,3.7,6.6,,,1
B2,1,769,WS,2.9,5.7,38,15,1
B2,1,770,NS,2.7,4.4,,,1
B2,1,771,NS,3.3,5.3,,,1
B2,1,772,WS,4.1,7,,,1
B2,1,773,WS,2.5,3.7,,,1
B2,1,774,WS,3.1,4.5,,,1
B2,1,775,WS,2.4,4.2,31,16.5,1
B2,1,776,NS,3.3,5.4,,,1
B2,1,777,NS,2.9,4.4,,,1
B2,1,778,NS,4,6.4,,,1
B2,1,779,WS,3.5,5.4,,,1
B2,1,780,NS,3,4.1,,,1
B2,1,781,WS,4.4,6.6,,,1
B2,1,782,NS,4.3,6.3,,,1
B2,1,783,WS,2.5,4.6,30,8.5,1
B2,1,784,NS,1.6,2.7,,,1
B2,1,785,NS,4,7.3,,,1
B2,1,786,WS,3.8,5.6,33.5,12,1
B2,1,787,WS,3.1,4.4,,,1
B2,1,788,NS,4.7,7.9,,,1
B2,1,789,WS,3.7,5.2,,,1
B2,1,790,WS,3.8,6.1,,,1
B2,1,791,WS,3.1,4.5,,,1
B2,1,7132,NS,1.9,,,,
B2,1,7342,NS,2.9,,,,
B2,1,7472,NS,2,,,,
B2,1,7522,NS,0.9,,,,
B2,1,7702,NS,2.7,,,,
B2,1,7772,NS,2.2,,,,
B2,2,200,NS,3.7,5.7,,,1
B2,2,201,NS,2.3,3.3,,,1
B2,2,202,NS,2.1,2.9,,,1
B2,2,203,NS,2.7,5.4,,,1
B2,2,204,NS,2.5,4.1,,,1
B2,2,205,NS,2.1,3.1,,,1
B2,2,206,NS,1.8,2.8,,,1
B2,2,207,NS,2.3,3.7,,,1
B2,2,208,NS,2.4,3.9,,,1
B2,2,209,NS,,0.5,,,1
B2,2,210,NS,1.4,2.7,,,1
B2,2,211,NS,2.3,3.5,,,1
B2,2,793,NS,3.7,5.6,,,1
B2,2,794,NS,2.6,4.8,,,1
B2,2,795,NS,2.1,4.6,24.5,7.5,1
B2,2,796,NS,3.5,6,,,1
B2,2,797,NS,2.2,,,,6
B2,2,798,NS,2.2,4.7,25,5.5,1
B2,2,799,NS,,6.8,,,1
B2,2,800,NS,,5.6,,,1
B2,2,801,NS,3.7,6.7,,,1
B2,2,802,NS,3,4.5,,,1
B2,2,803,NS,2.8,4.8,25.5,6,1
B2,2,804,NS,1.9,,,,6
B2,2,805,NS,2.9,5.4,,,1
B2,2,806,NS,2.1,4.6,35,10.5,1
B2,2,807,NS,4.2,7.2,,,1
B2,2,808,NS,2.8,4.5,,,1
B2,2,809,NS,2.6,5.2,,,1
B2,2,810,NS,3.3,5.5,,,1
B2,2,811,NS,3.4,5.4,,,1
B2,2,812,NS,4.6,6.5,,,1
B2,2,813,NS,2.8,5.5,,,1
B2,2,814,NS,3.5,5.5,,,1
B2,2,815,NS,1.5,7.7,,,1
B2,2,816,NS,3.7,6.3,,,1
B2,2,817,NS,1.9,2.8,,,1
B2,2,818,NS,4.5,8,,,1
B2,2,819,NS,3.1,4.3,22.5,4,1
B2,2,820,NS,3.3,5.1,29,12.5,1
B2,2,821,NS,3.2,5.6,,,1
B2,2,822,NS,3.4,6.1,,,1
B2,2,823,NS,2.7,4.5,,,1
B2,2,824,NS,2.4,,,,6
B2,2,825,NS,2,3.9,,,1
B2,2,826,NS,2.9,4.6,,,1
B2,2,827,NS,2.6,4.2,,,1
B2,2,828,NS,3.5,5.6,,,1
B2,2,829,NS,2.6,4.2,,,1
B2,2,830,NS,2.9,5.1,,,1
B2,2,831,NS,3.4,4.9,,,1
B2,2,832,NS,2.3,4.1,26,14.5,1
B2,2,833,NS,4.1,8.2,,,1
B2,2,834,NS,,,,,14
B2,2,835,NS,3.2,6.5,,,1
B2,2,836,NS,2.8,5.1,30,10,1
B2,2,837,NS,3.5,6.6,,,1
B2,2,838,NS,2.9,5.4,,,1
B2,2,839,NS,2.8,5,,,1
B2,2,840,NS,2.3,4,,,1
B2,2,841,NS,4.9,8.2,,,1
B2,2,842,NS,4.1,6.4,,,1
B2,2,843,NS,3.4,4.9,,,1
B2,2,844,NS,2.3,6.1,,,1
B2,2,845,NS,3.1,5.3,,,1
B2,2,846,BF,1.5,2.8,,,1
B2,2,847,NS,0.7,1.7,,,1
B2,2,848,NS,4.6,6.5,,,1
B2,2,849,NS,2.9,5.7,,,1
B2,2,850,NS,2.4,3.3,,,1
B2,2,851,NS,3.4,6.6,,,1
B2,2,852,NS,2.6,4.8,,,1
B2,2,853,NS,2.6,3.8,,,1
B2,2,854,NS,3.5,5.7,,,1
B2,2,855,NS,1.3,3.8,,,1
B2,2,856,NS,1.8,2,,,1
B2,2,860,NS,1.4,3.5,,,1
B2,2,861,NS,1.9,4.1,24,7.5,1
B2,2,862,NS,,,,,14
B2,2,863,NS,,,,,14
B2,2,864,NS,3.2,5.6,,,1
B2,2,865,NS,3.2,5.3,25.5,6,1
B2,2,866,NS,3.1,5.2,,,1
B2,2,867,NS,2.6,5.5,,,1
B2,2,868,NS,2.2,5.1,,,1
B2,2,869,NS,2.1,4.4,,,1
B2,2,8472,NS,1.1,,,,
B2,3,857,WS,3.1,5.1,,,1
B2,3,858,WS,1.9,4,,,1
B2,3,859,WS,2.2,4.1,,,1
B2,3,870,BS,3,4.9,,,1
B2,3,871,BS,2.8,4.5,,,1
B2,3,872,BS,3.2,4.9,,,1
B2,3,873,BS,4.5,5.9,,,1
B2,3,874,WS,2.4,4.5,,,1
B2,3,875,BS,4.1,6.5,,,1
B2,3,876,BS,3.7,5.9,,,1
B2,3,877,BS,2.3,3.8,,,1
B2,3,878,BS,2.6,4.2,,,1
B2,3,879,BS,2.6,4.4,,,1
B2,3,880,BS,3.5,5.3,,,1
B2,3,881,BF,1.9,4.1,,,1
B2,3,882,WS,2.7,4.8,,,1
B2,3,883,BF,0.6,2.3,,,1
B2,3,884,WS,1,1.8,,,1
B2,3,885,BS,4.1,6.4,,,1
B2,3,886,BS,3.5,5.3,,,1
B2,3,887,BS,3.5,5.7,,,1
B2,3,888,WS,1.7,5.1,,,1
B2,3,889,WS,1.6,2.4,,,1
B2,3,890,BF,0.6,3.3,,,1
B2,3,891,WS,2,2.4,,,1
B2,3,893,WS,1.2,1.7,,,1
B2,3,894,WS,2.2,3.7,,,1
B2,3,895,WS,4.3,6.4,,,1
B2,3,896,WS,1.6,2.5,,,1
B2,3,897,BS,2.7,4.7,,,1
B2,3,898,WS,3.7,6.4,,,1
B2,3,899,BF,1.7,4.5,,,1
B2,3,900,BS,3.5,6.3,,,1
B2,3,901,BS,3.3,5.2,,,1
B2,3,902,BS,3,4.9,,,1
B2,3,903,WS,2.2,3.4,,,1
B2,3,904,WS,2.9,4.6,,,1
B2,3,905,BS,3.1,5,,,1
B2,3,906,WS,2.4,4.5,,,1
B2,3,907,BS,2.6,4.8,,,1
B2,3,908,WS,,,,,14
B2,3,909,BS,2.9,4.5,,,1
B2,3,910,WS,3.1,5.8,,,1
B2,3,911,WS,2.3,4,,,1
B2,3,912,BS,,5.2,,,1
B2,3,913,BS,3.2,5.4,,,1
B2,3,914,WS,1.7,2.5,,,1
B2,3,915,WS,,2.8,,,1
B2,3,916,BS,2.4,3.7,,,1
B2,3,917,WS,3.7,6,,,1
B2,3,918,WS,2.4,4.3,,,1
B2,3,919,WS,2.7,5,,,1
B2,3,920,BS,3.1,6.1,,,1
B2,3,921,WS,2.5,5,,,1
B2,3,922,WS,2.8,5.5,,,1
B2,3,923,WS,2.3,4.1,,,1
B2,3,924,BS,2.2,4,,,1
B2,3,925,WS,1.7,3.9,,,1
B2,3,926,WS,0.3,1,,,1
B2,3,927,BS,2.4,4.8,,,1
B2,3,928,WS,2.8,6.4,,,1
B2,3,929,BS,0,5,,,1
B2,3,930,BS,3.3,5.9,,,1
B2,3,931,WS,1.6,3.4,,,1
B2,3,932,WS,2.6,5.4,,,1
B2,3,933,BS,2.6,3,,,1
B2,3,934,BS,3.7,6.2,,,1
B2,3,936,WS,2.6,4.9,,,1
B2,3,937,WS,3.1,7,,,1
B2,3,200,RS,0,2.9,,,1
B2,3,201,WS,0,6.1,,,1
B2,3,202,RS,0,2.7,,,1
B2,4,938,WS,4,7.1,,,1
B2,4,939,WS,2.3,4.9,,,1
B2,4,940,WS,2.6,5.3,,,1
B2,4,941,RS,0.6,2.2,,,1
B2,4,942,WS,1.7,3.8,,,1
B2,4,944,WS,3.3,,,,14
B2,4,945,WS,4.6,7.8,,,1
B2,4,946,WS,4.4,7.7,,,1
B2,4,947,RS,2.2,5.2,,,1
B2,4,948,WS,3.7,6,,,1
B2,4,949,RS,2.5,4.6,,,1
B2,4,950,RS,2,,,,6
B2,4,951,RS,1.4,3.9,,,1
B2,4,952,WS,3.5,6.1,,,1
B2,4,953,WS,3.8,2.8,,,1
B2,4,954,WS,3.3,6.5,,,1
B2,4,955,RS,1.1,3,,,1
B2,4,956,WS,3.7,7.5,,,1
B2,4,957,RS,1.2,2.9,,,1
B2,4,958,RS,3,5.5,,,1
B2,4,959,WS,3.4,4.5,,,1
B2,4,960,RS,,1,,,1
B2,4,961,WS,3.8,6.4,,,1
B2,4,962,RS,2.6,5.9,,,1
B2,4,963,WS,3.5,6,,,1
B2,4,964,WS,1.3,3.4,,,1
B2,4,965,WS,2.9,6,,,1
B2,4,966,RS,1.2,3.5,,,1
B2,4,967,WS,2.2,4.4,,,1
B2,4,968,WS,0.7,2.3,,,1
B2,4,969,RS,1.7,5.8,,,1
B2,4,970,WS,3.5,4.2,,,1
B2,4,971,WS,3.2,6.5,,,1
B2,4,972,RS,1.2,,,,14
B2,4,973,WS,3.8,6.6,,,1
B2,4,974,RS,2,4.9,,,1
B2,4,975,WS,2.5,5,,,1
B2,4,976,RS,1.3,4.9,,,1
B2,4,977,RS,2.2,3.3,,,1
B2,4,978,WS,2.9,4.8,,,1
B2,4,979,RS,2.1,5.1,,,1
B2,4,980,WS,2.3,4,,,1
B2,4,981,RS,1.8,4.3,,,1
B2,4,982,WS,3.3,6.9,,,1
B2,4,983,RS,2.3,5.5,,,1
B2,4,984,RS,1.2,3.3,,,1
B2,4,985,WS,3.6,6,,,1
B2,4,986,RS,2.4,5.8,,,1
B2,4,987,WS,2.6,5.3,,,1
B2,4,988,RS,2.7,5.2,,,1
B2,4,989,WS,2.8,6.4,,,1
B2,4,990,WS,1.5,5.9,,,1
B2,4,1010,WS,2.3,5,,,1
B2,4,1011,WS,3.1,6.5,,,1
B2,4,1034,RS,1.6,3.8,,,1
B2,4,1035,WS,2.9,5.8,,,1
B2,4,1051,RS,0.4,1.2,,,1
B2,4,824-1,RS,1.2,,,,14
B2,5,100,WS,0.5,1,,,1
B2,5,101,WS,0.4,0.7,,,1
B2,5,102,WS,,0.5,,,1
B2,5,954,WS,3.5,,,,14
B2,5,967,WS,2.2,,,,14
B2,5,968,WS,0.8,,,,14
B2,5,981,WS,1.5,,,,14
B2,5,992,WS,1.7,3.7,,,1
B2,5,993,WS,1.6,3.7,,,1
B2,5,994,WS,2.7,5.4,,,1
B2,5,995,WS,0,6.3,,,1
B2,5,996,WS,2.2,3.8,,,1
B2,5,997,WS,2.1,3.9,,,1
B2,5,998,WS,3.3,5.8,,,1
B2,5,999,WS,4.1,7.1,,,1
B2,5,1000,WS,2.3,3,,,1
B2,5,1001,WS,2.7,5.1,,,1
B2,5,1002,WS,1.7,2.9,,,1
B2,5,1003,WS,2.3,4.6,,,1
B2,5,1004,WS,3.1,5.2,,,1
B2,5,1005,WS,1.9,3.1,,,1
B2,5,1006,WS,3,4.7,,,1
B2,5,1007,WS,2.4,4.6,,,1
B2,5,1008,WS,2.8,5.6,,,1
B2,5,1009,WS,2.9,5.6,,,1
B2,5,1010,WS,2.4,4.9,,,1
B2,5,1011,WS,3.3,6.5,,,1
B2,5,1012,WS,1.6,3.2,,,1
B2,5,1013,WS,2.4,4.7,,,1
B2,5,1014,WS,2.3,3.7,,,1
B2,5,1015,WS,3.5,6.3,,,1
B2,5,1016,WS,0.8,1.1,,,1
B2,5,1017,WS,3.1,4.5,,,1
B2,5,1018,WS,2.5,4.6,,,1
B2,5,1019,WS,1.9,4.4,,,1
B2,5,1020,WS,2.8,4.5,,,1
B2,5,1021,WS,3.5,6.3,,,1
B2,5,1022,WS,2.6,4.7,,,1
B2,5,1023,WS,0.8,2.2,,,1
B2,5,1024,WS,3.6,1.4,,,1
B2,5,1025,WS,3.6,6.4,,,1
B2,5,1026,WS,1.6,,,,6
B2,5,1027,WS,1.7,2.6,,,1
B2,5,1028,WS,0.8,1.1,,,1
B2,5,1029,WS,0,0.5,,,1
B2,5,1030,WS,2.3,4.3,,,1
B2,5,1032,WS,1.8,2.8,,,1
B2,5,1033,WS,1.3,2.3,,,1
B2,5,1034,WS,1.7,,,,14
B2,5,1035,WS,3,,,,14
B2,5,1036,WS,0.3,1.1,,,1
B2,5,1037,WS,2.8,5.3,,,1
B2,5,1038,WS,2.6,4.2,,,1
B2,5,1039,WS,2.3,4.7,,,1
B2,5,1040,WS,3.8,7.3,,,1
B2,5,1041,WS,3.9,7.4,,,1
B2,5,1042,WS,2.6,4.8,,,1
B2,5,1043,WS,2,4.4,,,1
B2,5,1044,WS,3.8,7.5,,,1
B2,5,1045,WS,2.4,4.1,,,1
B2,5,1046,WS,1.8,3.9,,,1
B2,5,1047,WS,1.8,4.4,,,1
B2,5,1048,WS,2.7,5.1,,,1
B2,5,1049,WS,0,4.1,,,1
B2,5,1050,WS,1.9,4.4,,,1
B2,5,1051,WS,0.4,1.1,,,1
B2,5,1052,WS,1.5,3.7,,,1
B2,5,1053,WS,2.4,5,,,1
B2,5,1054,WS,0.9,,,,6
B2,5,1055,WS,3.1,6.2,,,1
B2,5,1056,WS,0.6,1.1,,,1
B2,5,1057,WS,3,5.4,,,1
B2,5,1058,WS,1.9,4.7,,,1
B2,5,1059,WS,2,5,,,1
B2,5,1060,WS,2.5,5.8,,,1
B2,5,1061,WS,1.3,3.2,,,1
B2,5,1062,WS,1.3,2.8,,,1
B2,5,1063,WS,2.5,5.7,,,1
B2,5,1064,WS,1.3,3.1,,,1
B2,5,1065,WS,0,2.4,,,1
B2,5,1066,WS,2.1,4.5,,,1
B2,5,1067,WS,3.2,5.8,,,1
B2,5,1068,WS,2.5,5.8,,,1
B2,5,1069,WS,3,6.1,,,1
B2,5,1070,WS,4.4,7.7,,,1
B2,5,1071,WS,2.4,3.9,,,1
B2,5,1072,WS,0.3,0.9,,,1
B2,5,1073,WS,4.2,7.1,,,1
B2,5,1074,WS,2.9,5.5,,,1
B2,5,1075,WS,2.4,4.4,,,1
B2,5,1076,WS,0.7,2.4,,,1
B2,5,WS5,WS,2.1,,,,
B2,6,1077,RS,2.3,3.9,22,13,1
B2,6,1078,NS,3.3,5.5,,,1
B2,6,1079,NS,2.7,5.2,,,1
B2,6,1080,RS,2,4,27,11.5,1
B2,6,1081,NS,2.7,5.9,,,1
B2,6,1083,NS,3,4.6,,,1
B2,6,1084,NS,1.6,3.8,,,1
B2,6,1085,NS,1.2,1.3,,,1
B2,6,1086,NS,1.3,2.8,,,1
B2,6,1087,NS,3.4,6.4,,,1
B2,6,1088,RS,1.8,3.9,21,9.5,1
B2,6,1089,NS,2.3,5.6,,,1
B2,6,1090,RS,1.2,2.8,22,10,1
B2,6,1091,RS,2,4.2,,,1
B2,6,1093,NS,3.1,6.9,35,6,1
B2,6,1094,NS,2.1,4.3,34,11,1
B2,6,1095,NS,2.9,5.5,,,1
B2,6,1096,NS,3.1,5.3,,,1
B2,6,1097,NS,0,3.6,,,1
B2,6,1098,NS,4.7,7.7,32.5,10,1
B2,6,1099,NS,3,5.5,,,1
B2,6,1100,NS,2.5,4,,,1
B2,6,1101,BS,0.7,2.1,,,1
B2,6,1102,BS,0.2,,,,6
B2,6,1103,BS,3.3,5.3,,,1
B2,6,1104,NS,3,6.5,,,1
B2,6,1105,RS,2.4,5.7,,,1
B2,6,1106,NS,3.7,7.9,,,1
B2,6,1107,RS,1.1,2.8,,,1
B2,6,1108,RS,2.4,5.2,,,1
B2,6,1109,NS,3.3,7,,,1
B2,6,1110,RS,3.2,6,,,1
B2,6,1111,NS,2.8,5.6,,,1
B2,6,1112,NS,4.1,7.2,,,1
B2,6,1113,BS,4.4,6.5,,,1
B2,6,1114,NS,2.4,4.2,,,1
B2,6,1115,NS,2,3.3,33,8,1
B2,6,1116,NS,3.7,6.8,31.5,4.5,1
B2,6,1117,NS,2.6,4.8,,,1
B2,6,1118,NS,2.2,4.4,,,1
B2,6,1119,RS,3.3,6,,,1
B2,6,1120,RS,2.5,5.3,,,1
B2,6,1121,RS,1.9,4.5,,,1
B2,6,1122,RS,1.9,4.1,30.5,9.5,1
B2,6,1123,NS,4,7.8,36.5,13,1
B2,6,1124,RS,0.9,1.9,,,1
B2,6,1125,NS,4.3,6.8,,,1
B2,6,1126,RS,1.5,3.5,,,1
B2,6,1127,NS,3.7,7,40.5,6,1
B2,6,1128,NS,2.9,5.3,,,1
B2,6,1129,NS,3.3,6.1,,,1
B2,6,1130,NS,2.4,4.8,,,1
B2,6,1131,BS,2.8,5.5,,,1
B2,6,1132,RS,2.6,5.2,,,1
B2,6,1133,NS,3.1,6.4,,,1
B2,6,1135,RS,4.4,7.6,36.5,13,1
B2,6,1136,NS,3.9,6.7,,,1
B2,6,1137,RS,2.4,4.5,31.5,9,1
B2,6,1138,RS,4.7,7,39,14.5,1
B2,6,1139,RS,1.4,3.6,27,14.5,1
B2,6,1140,NS,3.4,6.3,,,1
B2,6,1141,RS,3.2,5.3,34,9,1
B2,6,1142,NS,4.4,6.8,36.5,13,1
B2,6,1143,NS,3.2,5.7,,,1
B2,6,1144,NS,1.9,3.7,23.5,12.5,1
B2,6,1145,RS,0,0.9,7.5,2.5,1
B2,6,1146,NS,2.3,3.8,,,1
B2,6,1147,NS,3,5.4,,,1
B2,6,1213,NS,2.3,4.8,,,1
B2,7,1148,BS,3.9,5.7,,,1
B2,7,1149,BS,4.3,5.9,,,1
B2,7,1150,BS,3.3,5,,,1
B2,7,1151,NS,3.9,7.4,,,1
B2,7,1153,BS,3.5,5.4,,,1
B2,7,1154,BS,1.8,,,,6
B2,7,1155,NS,1.7,4,,,1
B2,7,1156,NS,2,4,,,1
B2,7,1157,BS,4,5.6,,,1
B2,7,1158,BS,4.3,6,,,1
B2,7,1159,NS,3.6,5.7,,,1
B2,7,1160,NS,2.5,3.5,,,1
B2,7,1161,BS,3.3,4.5,,,1
B2,7,1162,NS,4,6.3,,,1
B2,7,1163,NS,0.6,1.4,,,1
B2,7,1164,NS,0.4,0.9,,,1
B2,7,1165,NS,0.4,,,,6
B2,7,1166,NS,0.9,2.3,,,1
B2,7,1167,NS,0.6,1,,,1
B2,7,1168,BS,3.8,6.2,,,1
B2,7,1169,NS,2.6,2.7,,,1
B2,7,1170,NS,2.6,5.9,,,1
B2,7,1171,NS,1.6,2.6,,,1
B2,7,1172,NS,3.3,6.2,,,1
B2,7,1173,BS,2.5,3.2,,,1
B2,7,1174,BS,3,3.7,,,1
B2,7,1175,BS,2.9,3.6,,,1
B2,7,1176,NS,0,5.7,,,1
B2,7,1177,BS,3.4,5.3,,,1
B2,7,1178,BS,4.4,6.6,,,1
B2,7,1179,BS,3.1,4.3,,,1
B2,7,1180,BS,1.9,3,,,1
B2,7,1181,NS,1.4,3.1,,,1
B2,7,1182,BS,4.5,7,,,1
B2,7,1183,BS,3.8,4.4,,,1
B2,7,1184,BS,4.3,6.8,,,1
B2,7,1185,NS,2.7,5.5,,,1
B2,7,1186,NS,3.6,,,,14
B2,7,1187,BS,0,5.3,,,1
B2,7,1188,BS,1.5,3.1,,,1
B2,7,1189,NS,2.9,5.5,,,1
B2,7,1190,NS,1.8,4,,,1
B2,7,1191,NS,1.6,2.2,,,1
B2,7,1192,BS,3.7,5.5,,,1
B2,7,1193,NS,4.1,6.7,,,1
B2,7,1194,BS,4.2,6.4,,,1
B2,7,1195,NS,0,5,,,1
B2,7,1196,NS,0,3.2,,,1
B2,7,1197,BS,3.3,5.5,,,1
B2,7,1198,NS,2.5,6,,,1
B2,7,1199,NS,2,4.5,,,1
B2,7,1200,NS,3,6.6,,,1
B2,7,1201,BS,3.9,5.7,,,1
B2,7,1202,NS,4,7,,,1
B2,7,1203,BS,3.7,5,,,1
B2,7,1204,BS,3.7,5,,,1
B2,7,1205,NS,2.5,4.8,,,1
B2,7,1206,NS,2.4,4.5,,,1
B2,7,1207,BS,1.4,3.5,,,1
B2,7,1208,BS,3.3,4.7,,,1
B2,7,1209,NS,2.3,4.6,,,1
B2,7,1210,BS,2.7,4.4,,,1
B2,7,1211,NS,3,7.2,,,1
B2,7,1212,NS,3.6,7.4,,,1
B2,7,1214,BS,3.4,6,,,1
B2,7,1215,NS,3.7,6.9,,,1
B2,7,1475,NS,4.8,8.2,,,1
B2,7,1476,NS,2.6,5.3,,,1
B2,7,1478,NS,2.6,5.8,,,1
B2,8,935,BS,0.6,,,,6
B2,8,1216,BS,1.4,3.3,,,1
B2,8,1217,BS,0.9,1.6,,,1
B2,8,1218,BS,0.8,1.5,,,1
B2,8,1219,BS,2.4,4.5,,,1
B2,8,1220,BS,3.4,6.2,,,1
B2,8,1221,BS,3.7,6.7,,,1
B2,8,1222,BS,0.9,1.3,,,1
B2,8,1223,BS,0.4,,,,6
B2,8,1224,BS,1.7,2.5,,,1
B2,8,1225,BS,1.7,2.9,,,1
B2,8,1226,BS,1.5,1.7,,,1
B2,8,1227,BS,3.5,6.3,,,1
B2,8,1228,BS,1.3,,,,6
B2,8,1229,BS,0.7,,,,6
B2,8,1230,BS,0.4,,,,6
B2,8,1231,BS,1.3,1.5,,,1
B2,8,1232,BS,0.9,,,,6
B2,8,1233,BS,3.3,5.7,,,1
B2,8,1234,BS,2.9,3.8,,,1
B2,8,1235,BS,4.1,5.8,,,1
B2,8,1236,BS,1,1.2,,,1
B2,8,1237,BS,2.1,3.4,,,1
B2,8,1238,BS,1.5,1.9,,,1
B2,8,1239,BS,3.5,5.5,,,1
B2,8,1240,BS,0.9,,,,6
B2,8,1241,BS,1.2,1.4,,,1
B2,8,1242,BS,1.7,2.6,,,1
B2,8,1243,BS,2.7,5.1,,,1
B2,8,1244,BS,1.5,2.5,,,1
B2,8,1245,BS,0.7,,,,6
B2,8,1246,BS,0.8,,,,6
B2,8,1247,BS,1,,,,6
B2,8,1248,BS,1.3,1.5,,,1
B2,8,1249,BS,0.5,,,,6
B2,8,1250,BS,0.6,,,,6
B2,8,1251,BS,0.9,1,,,1
B2,8,1252,BS,1.9,3.4,,,1
B2,8,1253,BS,1.2,1.2,,,1
B2,8,1254,BS,0.8,1.3,,,1
B2,8,1255,BS,0.2,0.1,,,1
B2,8,1256,BS,1.7,2.9,,,1
B2,8,1257,BS,2.4,4.2,,,1
B2,8,1258,BS,1.7,3,,,1
B2,8,1259,BS,0.3,,,,6
B2,8,1260,BS,3.1,5.1,,,1
B2,8,1261,BS,0.7,2.1,,,1
B2,8,1262,BS,2.4,,,,6
B2,8,1263,BS,2.9,,,,6
B2,8,1264,BS,3.3,4.7,,,1
B2,8,1265,BS,2.8,5,,,1
B2,8,1266,BS,3.8,6.5,,,1
B2,8,1267,BS,3.5,5.7,,,1
B2,8,1268,BS,0.7,2.8,,,1
B2,8,1269,BS,3.3,5.3,,,1
B2,8,1270,BS,4.2,6.1,,,1
B2,8,1271,BS,3.2,7.6,,,1
B2,8,1272,BS,3.4,5.3,,,1
B2,8,1273,BS,1.4,,,,6
B2,8,1274,BS,1,2.2,,,1
B2,8,1275,BS,1.9,3.6,,,1
B2,8,1276,BS,2.8,4.8,,,1
B2,8,1277,BS,2.8,4.7,,,1
B2,8,1278,BS,1.8,3.5,,,1
B2,8,1279,BS,1.8,2.9,,,1
B2,8,1280,BS,3.4,5.4,,,1
B2,8,1281,BS,0.5,1,,,1
B2,8,1282,BS,3.1,5,,,1
B2,8,1283,BS,3,4.7,,,1
B2,8,1284,BS,2,3.6,,,1
B2,8,1285,BS,2.4,3.5,,,1
B2,8,1286,BS,1.7,2,,,1
B2,8,1287,BS,3.5,4.4,,,1
B2,8,1288,BS,0.8,1.2,,,1
B2,8,1289,BS,0.7,1,,,1
B2,8,1290,BS,1.7,2.2,,,1
B2,8,1291,BS,3.9,6.6,,,1
B2,8,1292,BS,2.4,4.8,,,1
B2,8,1293,BS,1,,,,6
B2,8,1294,BS,4.2,6.5,,,1
B2,8,1295,BS,2.3,,,,14
B2,8,1297,BS,3.2,5.6,,,1
B2,8,1298,BS,3.7,6.1,,,1
B2,8,1299,BS,4.4,6.7,,,1
B2,8,1300,BS,3.2,4.4,,,1
B2,8,1301,BS,4.1,6.4,,,1
B2,8,1302,BS,3.7,5.8,,,1
B2,8,1303,BS,0.5,,,,6
B2,9,100,RS,0,0.2,,,1
B2,9,101,RS,0,0.5,,,1
B2,9,102,RS,0,2.2,,,1
B2,9,103,RS,0,1.3,,,1
B2,9,1304,RS,0.4,1.3,,,1
B2,9,1305,RS,0.4,1.2,,,1
B2,9,1307,RS,1.5,4.7,,,1
B2,9,1308,RS,1.6,5.4,,,1
B2,9,1309,RS,,2,,,1
B2,9,1311,RS,1.3,3.8,,,1
B2,9,1312,RS,1.2,4,,,1
B2,9,1313,RS,0.9,3,,,1
B2,9,1314,RS,1.9,5.1,,,1
B2,9,1315,RS,1.8,4.8,,,1
B2,9,1316,RS,2.4,5.8,,,1
B2,9,1317,RS,2.6,6.5,,,1
B2,9,1318,RS,2,5.6,,,1
B2,9,1319,RS,1.7,5.4,,,1
B2,9,1320,RS,1.2,4.3,,,1
B2,9,1321,RS,2.4,5.3,,,1
B2,9,1322,RS,1.2,3.6,,,1
B2,9,1323,RS,0,2.2,,,1
B2,9,1324,RS,0,2,,,1
B2,9,1325,RS,2.1,5.7,,,1
B2,9,1326,RS,1.4,5.3,,,1
B2,9,1327,RS,0,,,,1
B2,9,1328,RS,0,2.3,,,1
B2,9,1329,RS,0,,,,1
B2,9,1330,RS,1.6,3.3,,,1
B2,9,1331,RS,1.1,5,,,1
B2,9,1332,RS,0.6,3.3,,,1
B2,9,1333,RS,3.7,8.5,,,1
B2,9,1334,RS,2,5.5,,,1
B2,9,1335,RS,0.3,2.6,,,1
B2,9,1336,RS,1.6,3.5,,,1
B2,9,1337,RS,2.7,6.1,,,1
B2,9,1338,RS,0.7,,,,6
B2,9,1339,RS,0.4,,,,6
B2,9,1340,RS,2.4,5.2,,,1
B2,9,1341,RS,1.7,4.2,,,1
B2,9,1342,RS,1.7,5.8,,,1
B2,9,1343,RS,0.3,,,,14
B2,10,1310,RS,2,4.8,,,1
B2,10,1344,BS,3.8,5.7,,,1
B2,10,1345,RS,1.8,3.6,,,1
B2,10,1346,RS,1.9,4,,,1
B2,10,1347,RS,2.2,5.3,,,1
B2,10,1348,BS,4.2,6.7,,,1
B2,10,1349,RS,1.7,3.9,,,1
B2,10,1350,BS,2.7,5.1,,,1
B2,10,1351,RS,2.4,4.9,,,1
B2,10,1352,BS,4.3,6.8,,,1
B2,10,1353,BS,3.7,5.5,,,1
B2,10,1354,RS,2.9,6.2,,,1
B2,10,1355,BS,4.1,7.2,,,1
B2,10,1356,RS,0,0.4,,,1
B2,10,1357,RS,1.3,4.2,,,1
B2,10,1358,BS,4.3,7,,,1
B2,10,1359,RS,2.5,6.2,,,1
B2,10,1360,RS,2.6,6.3,,,1
B2,10,1361,BS,2.4,2.6,,,1
B2,10,1363,BS,0.7,3.3,,,1
B2,10,1365,RS,1.7,4.9,,,1
B2,10,1366,RS,1.8,3.7,,,1
B2,10,1367,RS,1.8,3.9,,,1
B2,10,1368,BS,3.3,6.6,,,1
B2,10,1369,RS,1.3,2.9,,,1
B2,10,1370,BS,3.8,6.1,,,1
B2,10,1371,BS,3.1,5.6,,,1
B2,10,1372,BS,4.3,6.6,,,1
B2,10,1373,RS,0.5,1.2,,,1
B2,10,1374,BS,3.1,4.4,,,1
B2,10,1375,BS,3.3,5.4,,,1
B2,10,1376,BS,2,4.5,,,1
B2,10,1377,BS,1.9,4.9,,,1
B2,10,1378,RS,2.3,4.8,,,1
B2,10,1379,BS,4.4,7.2,,,1
B2,10,1380,RS,2.5,5.8,,,1
B2,10,1381,BS,3.3,7,,,1
B2,10,1382,RS,2,4.5,,,1
B2,10,1383,BS,2,3.4,,,1
B2,10,1384,BS,3.3,4.9,,,1
B2,10,1385,RS,0.1,1.7,,,1
B2,10,1386,BS,0,5.8,,,1
B2,10,1387,RS,1.9,4.5,,,1
B2,10,1388,RS,1.6,4.1,,,1
B2,10,1389,BS,2.5,4.6,,,1
B2,10,1390,BS,2.7,5.1,,,1
B2,10,1391,BS,2.9,5.3,,,1
B2,10,1392,RS,1.9,4.3,,,1
B2,10,1393,RS,1.3,3.2,,,1
B2,10,1394,RS,3.3,6.5,,,1
B2,10,1395,BS,2.5,4.2,,,1
B2,10,1396,BS,0,4.5,,,1
B2,10,1397,BS,3.3,5.5,,,1
B2,10,1398,RS,1.6,4.1,,,1
B2,10,1399,BS,2.8,5.3,,,1
B2,10,1400,BS,2.6,5,,,1
B2,10,1401,RS,0.7,2.8,,,1
B2,10,1402,BS,3.8,5.8,,,1
B2,10,1403,RS,2.9,5.1,,,1
B2,10,1404,BS,3.1,4.8,,,1
B2,10,1405,BS,3.6,5.6,,,1
B2,10,1406,BS,,,,,1
B2,10,1408,BS,4.8,6.9,,,1
B2,10,1409,BS,3.9,5.2,,,1
B2,10,1655,BS,3.7,,,,14
B2,10,1656,BS,3.6,,,,14
B3,1,1410,WS,3.4,4.8,,,1
B3,1,1411,WS,3.3,4.9,,,1
B3,1,1412,WS,4.7,6.8,,,1
B3,1,1413,WS,3.3,5.1,29,13,1
B3,1,1414,WS,0,,,,6
B3,1,1415,WS,3.7,5.7,,,1
B3,1,1416,WS,3.3,5.5,,,1
B3,1,1417,WS,3.2,4.2,,,1
B3,1,1418,WS,4.2,7.8,36,12.5,1
B3,1,1419,WS,3.3,5.3,30.5,12,1
B3,1,1420,WS,3,5,30,15,1
B3,1,1421,WS,2,3.6,,,1
B3,1,1422,WS,3.3,5,,,1
B3,1,1423,WS,3.7,5.6,,,1
B3,1,1424,WS,3.6,5.3,,,1
B3,1,1425,WS,3.2,5.1,,,1
B3,1,1426,WS,2.7,4.2,,,1
B3,1,1427,WS,0,6.6,,,1
B3,1,1428,WS,3.1,5.2,,,1
B3,1,1429,WS,4.1,6.8,,,1
B3,1,1430,WS,2.3,3.6,,,1
B3,1,1431,WS,0.8,2,12,5,1
B3,1,1432,WS,2,3.7,26,9,1
B3,1,1433,WS,4.2,7,35.5,6,1
B3,1,1434,WS,1.1,,,,6
B3,1,1435,WS,3.7,5.8,,,1
B3,1,1436,WS,2.9,4.5,,,1
B3,1,1437,WS,4.3,6.8,,,1
B3,1,1438,WS,4.1,6.5,,,1
B3,1,1439,WS,3,5.4,,,1
B3,1,1440,WS,1.8,6.7,,,1
B3,1,1441,WS,2.5,4.9,,,1
B3,1,1442,WS,2.1,3.9,,,1
B3,1,1443,WS,3.2,5.2,,,1
B3,1,1444,WS,1,2.4,,,1
B3,1,1445,WS,2.1,4.2,,,1
B3,1,1446,WS,2.8,5.2,,,1
B3,1,1447,WS,2.5,4.2,,,1
B3,1,1448,WS,3.2,5.7,38,18,1
B3,1,1449,WS,3.1,4.1,,,1
B3,1,1450,WS,3.3,5.4,,,1
B3,1,1451,WS,3.7,6,,,1
B3,1,1452,WS,0.8,2.1,,,1
B3,1,1453,WS,2,3.8,,,1
B3,1,1454,WS,4.2,7,,,1
B3,1,1455,WS,2.6,4.3,,,1
B3,1,1456,WS,3.4,5.6,,,1
B3,1,1457,WS,0.9,,,,6
B3,1,1458,WS,2.6,4.5,,,1
B3,1,1459,WS,0.7,1.2,7.5,5.5,1
B3,1,1460,WS,3.3,4.7,,,1
B3,1,1461,WS,2.3,4.2,,,1
B3,1,1462,WS,2.2,3.4,,,1
B3,1,1463,WS,4.4,7.6,,,1
B3,1,1464,WS,2.6,4.7,,,1
B3,1,1465,WS,4.5,6.3,,,1
B3,1,1466,WS,4.1,5.6,,,1
B3,1,1467,WS,1.6,3.4,18,8,1
B3,1,1468,WS,2.8,4.7,,,1
B3,1,1469,WS,3.5,6.7,,,1
B3,1,1470,WS,2.3,4.8,,,1
B3,1,1471,WS,3.5,5.9,,,1
B3,1,1472,WS,3.9,5.9,,,1
B3,1,1473,WS,2.5,5.5,,,1
B3,1,1474,NS,3.6,7.4,,,1
B3,1,1746,WS,3.4,6,,,1
B3,2,1479,RS,1.4,4.7,,,1
B3,2,1480,BS,1.5,3.8,,,1
B3,2,1481,BS,2,3.7,,,1
B3,2,1482,BS,3.3,5.5,,,1
B3,2,1483,BS,1.2,3.3,,,1
B3,2,1484,BS,3.3,4.1,,,1
B3,2,1485,BS,2.6,4.5,,,1
B3,2,1486,RS,3.3,5.3,,,1
B3,2,1487,RS,3.1,5.8,,,1
B3,2,1488,BS,2.3,4.7,,,1
B3,2,1489,RS,2.5,5.3,,,1
B3,2,1490,BS,2.3,5.5,,,1
B3,2,1491,RS,,0.8,,,1
B3,2,1492,BS,1.3,2.3,,,1
B3,2,1493,BS,1.2,2.4,,,1
B3,2,1494,BS,2.1,4.2,,,1
B3,2,1495,BS,1.2,3.5,,,1
B3,2,1496,BS,0.9,,,,6
B3,2,1497,BS,0.4,0.9,,,1
B3,2,1498,BS,0.7,2.6,,,1
B3,2,1499,BS,3.1,5.8,,,1
B3,2,1501,RS,1.8,4.5,,,1
B3,2,1502,RS,1.8,3.9,,,1
B3,2,1503,RS,1.9,4,,,1
B3,2,1504,RS,1.2,2.9,,,1
B3,2,1505,RS,2.6,5.3,,,1
B3,2,1506,BS,3,5.1,,,1
B3,2,1507,RS,1.5,4.5,,,1
B3,2,1508,BS,0.8,3.3,,,1
B3,2,1509,BS,1.5,4.6,,,1
B3,2,1510,BS,3.3,5.4,,,1
B3,2,1511,RS,1.7,4.6,,,1
B3,2,1512,RS,2.2,5.6,,,1
B3,2,1513,RS,1.1,4.2,,,1
B3,2,1514,RS,1.5,4.6,,,1
B3,2,1515,BS,2.1,4.2,,,1
B3,2,1516,RS,1.8,4.3,,,1
B3,2,1517,RS,1.7,4,,,1
B3,2,1518,RS,1.3,4.5,,,1
B3,2,1519,RS,4.2,7.4,,,1
B3,2,1520,BS,1.5,3.6,,,1
B3,2,1521,RS,1.5,4.4,,,1
B3,2,1522,BS,0.6,2.6,,,1
B3,2,1523,BS,1.6,3.1,,,1
B3,2,1524,RS,2.2,5.3,,,1
B3,2,1525,RS,3.6,5.8,,,1
B3,2,1526,BS,,0.4,,,1
B3,2,1527,BS,,,,,1
B3,2,1528,BS,1,2.4,,,1
B3,2,1529,BS,1,1.6,,,1
B3,2,1530,BS,0.7,2.1,,,1
B3,2,1531,BS,1,2.5,,,1
B3,2,1532,RS,0,5,,,1
B3,2,1533,BS,3.8,6.6,,,1
B3,2,1534,BS,2.4,4.3,,,1
B3,2,1535,RS,2.4,4.6,,,1
B3,2,1536,RS,3.6,5.7,,,1
B3,2,1537,BS,3.2,5.4,,,1
B3,2,1538,BS,3.9,7,,,1
B3,2,1540,BS,3.5,5.3,,,1
B3,3,1541,BS,0,3.5,,,1
B3,3,1542,BS,1.8,5.6,,,1
B3,3,1543,BS,3.5,5.5,,,1
B3,3,1544,BS,3.6,5.4,,,1
B3,3,1545,BS,2.7,5.2,,,1
B3,3,1546,BS,3.3,5.7,,,1
B3,3,1547,BS,4,6.6,,,1
B3,3,1548,BS,2.7,4.4,,,1
B3,3,1549,BS,2.1,,,,14
B3,3,1551,BS,2.7,4.9,,,1
B3,3,1552,BS,1.6,3.2,,,1
B3,3,1554,BS,1.5,3.7,,,1
B3,3,1555,BS,2.5,5.6,,,1
B3,3,1556,BS,2.3,4.3,,,1
B3,3,1557,BS,3.3,5.3,,,1
B3,3,1558,BS,3,5.1,,,1
B3,3,1559,BS,3.5,6.2,,,1
B3,3,1560,BS,1,3,,,1
B3,3,1561,BS,3.6,5.4,,,1
B3,3,1562,BS,2.2,3.8,,,1
B3,3,1563,BS,2.7,4.4,,,1
B3,3,1564,BS,2.1,4.1,,,1
B3,3,1565,BS,3.8,6,,,1
B3,3,1566,BS,3.8,5.5,,,1
B3,3,1567,BS,1.8,4,,,1
B3,3,1568,BS,3.2,5.8,,,1
B3,3,1569,BS,2.5,4.2,,,1
B3,3,1570,BS,4.1,5.7,,,1
B3,3,1571,BS,3.5,,,,6
B3,3,1572,BS,3.8,6.1,,,1
B3,3,1573,BS,3.3,5.8,,,1
B3,3,1574,BS,3.5,5.6,,,1
B3,3,1575,BS,2.8,5.7,,,1
B3,3,1576,BS,3.6,5.8,,,1
B3,3,1577,BS,2.1,4.2,,,1
B3,3,1578,BS,1.7,,,,14
B3,3,1579,BS,1.6,3,,,1
B3,3,1580,BS,1.2,,,,6
B3,3,1581,BS,3.1,,,,6
B3,3,1582,BS,4.5,6.1,,,1
B3,3,1583,BS,3,5.1,,,1
B3,3,1584,BS,3.5,,,,6
B3,3,1585,BS,3.1,5.2,,,1
B3,3,1586,BS,3.8,5.6,,,1
B3,3,1587,BS,3,4.5,,,1
B3,3,1588,BS,3.8,5.1,,,1
B3,3,1589,BS,3.2,5.4,,,1
B3,3,1590,BS,2.4,3.9,,,1
B3,3,1591,BS,2.7,4.7,,,1
B3,3,1592,BS,0.6,,,,6
B3,3,1593,BS,3.7,5.7,,,1
B3,3,1594,BS,3.9,5,,,1
B3,3,1595,BS,3.3,5.1,,,1
B3,3,1596,BS,0.8,1,,,1
B3,3,1597,BS,2.6,3.8,,,1
B3,3,1598,BS,2.8,5.2,,,1
B3,3,1599,BS,2.8,6.7,,,1
B3,3,1600,BS,1.4,2.4,,,1
B3,3,1601,BS,3,4.7,,,1
B3,3,1602,BS,1.5,2.6,,,1
B3,3,1603,BS,1.8,3.3,,,1
B3,3,1604,BS,2.7,3.9,,,1
B3,3,1605,BS,2.8,4.3,,,1
B3,3,1888,BS,3.1,5.3,,,1
B3,4,1606,RS,2.7,6.3,,,1
B3,4,1607,RS,1.2,3.7,,,1
B3,4,1608,RS,2,5,,,1
B3,4,1609,WS,1.5,4.9,,,1
B3,4,1610,RS,2.7,5.2,,,1
B3,4,1611,WS,1.7,3.9,,,1
B3,4,1612,RS,1.6,4.6,,,1
B3,4,1613,WS,3,5.9,,,1
B3,4,1614,RS,1.4,3.8,,,1
B3,4,1615,RS,1.3,3.7,,,1
B3,4,1616,RS,2.6,5.2,,,1
B3,4,1617,WS,3.1,5.7,,,1
B3,4,1618,WS,3,5.3,,,1
B3,4,1619,RS,2,4.4,,,1
B3,4,1620,WS,3.3,5.6,,,1
B3,4,1621,RS,2,4.1,,,1
B3,4,1622,WS,3.2,6.5,,,1
B3,4,1623,WS,2.6,5.6,,,1
B3,4,1625,WS,3.8,4.5,,,1
B3,4,1626,WS,3,5.9,,,1
B3,4,1627,WS,2.6,4.4,,,1
B3,4,1628,WS,2.6,5.2,,,1
B3,4,1629,RS,2.5,5.1,,,1
B3,4,1630,WS,3.2,5.4,,,1
B3,4,1631,WS,2.6,3.5,,,1
B3,4,1632,RS,3.1,6,,,1
B3,4,1633,WS,3.2,6.5,,,1
B3,4,1634,WS,4.5,7.8,,,1
B3,4,1635,RS,1.6,3.9,,,1
B3,4,1636,RS,1.2,2.8,,,1
B3,4,1637,WS,4,7.2,,,1
B3,4,1638,RS,1.9,3.6,,,1
B3,4,1639,WS,2.7,5,,,1
B3,4,1640,RS,2.5,3.4,,,1
B3,4,1641,WS,4.1,7,,,1
B3,4,1642,RS,0.8,2.8,,,1
B3,4,1643,WS,4.3,7.1,,,1
B3,4,1644,RS,0.5,2.2,,,1
B3,4,1645,WS,3.8,5.5,,,1
B3,4,1646,RS,0.4,1.7,,,1
B3,4,1647,WS,3.7,5.7,,,1
B3,4,1648,RS,2.4,5,,,1
B3,4,1649,WS,3.5,5.2,,,1
B3,4,1650,WS,4.9,7.8,,,1
B3,4,1652,RS,3.1,5.7,,,1
B3,4,1653,WS,2.8,4.6,,,1
B3,4,1654,WS,2.6,4.4,,,1
B3,4,1665,WS,4.4,6.6,,,1
B3,4,1666,RS,2.9,5.7,,,1
B3,4,1682,WS,2.5,4.8,,,1
B3,4,1702,WS,2.3,5.3,,,1
B3,4,1703,RS,2,5.1,,,1
B3,4,1951,WS,3.4,,,,14
B3,4,1969,WS,3.5,,,,14
B3,5,1655,BS,3.8,5.3,,,1
B3,5,1656,BS,3.7,5.4,,,1
B3,5,1657,BS,2.2,3.6,,,1
B3,5,1658,BS,3.6,5.7,,,1
B3,5,1659,OS,,3.6,,,1
B3,5,1660,WS,4.3,6.6,,,1
B3,5,1661,WS,3.3,5.2,,,1
B3,5,1662,BS,3.7,6.2,,,1
B3,5,1663,WS,3.6,5.7,,,1
B3,5,1664,WS,5.1,8.1,,,1
B3,5,1667,BS,3.5,5,,,1
B3,5,1668,WS,4.9,6.8,,,1
B3,5,1669,BS,2.7,5,,,1
B3,5,1670,WS,3.2,5.1,,,1
B3,5,1671,WS,4,6.2,,,1
B3,5,1672,OS,2.6,4,,,1
B3,5,1673,WS,4.5,7.1,,,1
B3,5,1674,BS,3.7,5,,,1
B3,5,1675,WS,3.7,6,,,1
B3,5,1676,WS,3.5,5.6,,,1
B3,5,1677,BS,4.1,6,,,1
B3,5,1678,WS,5,8,,,1
B3,5,1679,WS,2.4,4.5,,,1
B3,5,1680,BS,1.8,2.9,,,1
B3,5,1681,WS,3.5,,,,14
B3,5,1683,BS,3,4.6,,,1
B3,5,1684,WS,2.4,4.3,,,1
B3,5,1685,BS,2.6,5,,,1
B3,5,1686,WS,2.8,4.4,,,1
B3,5,1687,BS,3.5,4.8,,,1
B3,5,1688,WS,3.5,5.3,,,1
B3,5,1689,BS,3.1,4.2,,,1
B3,5,1690,WS,3.5,6.2,,,1
B3,5,1692,BS,2.9,4.8,,,1
B3,5,1693,WS,0.5,1.1,,,1
B3,5,1694,BS,3.1,5,,,1
B3,5,1695,WS,3.4,4.9,,,1
B3,5,1696,BS,3.8,6.4,,,1
B3,5,1697,WS,3.3,5.1,,,1
B3,5,1698,BS,1.9,3.7,,,1
B3,5,1699,WS,1.9,4,,,1
B3,5,1700,BS,1.7,3.6,,,1
B3,5,1701,WS,2,3.9,,,1
B3,5,1704,WS,1.7,3.5,,,1
B3,5,1705,WS,3.3,5.3,,,1
B3,5,1707,BS,0.7,2.3,,,1
B3,5,1708,WS,3,4.7,,,1
B3,5,1709,BS,1.3,,,,6
B3,5,1710,WS,3.2,6,,,1
B3,5,1711,BS,1.9,4.4,,,1
B3,5,1712,WS,3.5,5.5,,,1
B3,5,1713,WS,3.2,5.8,,,1
B3,5,1714,BS,3,5,,,1
B3,5,1715,OS,,,,,1
B3,5,1716,WS,2.2,4.7,,,1
B3,5,1717,BS,1.8,3.6,,,1
B3,5,1718,WS,4.2,6.7,,,1
B3,5,1719,BS,3.6,5.2,,,1
B3,5,1720,WS,3.9,6.8,,,1
B3,5,1721,WS,1,2,,,1
B3,5,1722,WS,3.3,5.3,,,1
B3,5,1723,BS,4.4,6,,,1
B3,5,1724,WS,0,,,,14
B3,5,1725,WS,3,4.7,,,1
B3,5,1726,BS,3,4.9,,,1
B3,5,1727,WS,3.8,5.4,,,1
B3,5,1728,BS,3.4,5.5,,,1
B3,5,1729,BS,1.1,1.5,,,1
B3,5,1730,WS,2.8,4.2,,,1
B3,5,1731,WS,5.4,8.7,,,1
B3,5,1732,BS,2.6,4.4,,,1
B3,5,1733,WS,3.9,6.3,,,1
B3,5,1734,BS,3.2,6.6,,,1
B3,5,1735,WS,3.3,5,,,1
B3,5,1736,WS,,0.9,,,1
B3,5,1737,WS,,,,,1
B3,5,1738,BS,4.3,6.2,,,1
B3,5,1739,OS,,6.9,,,1
B3,5,1740,WS,4.4,7.7,,,1
B3,6,1741,NS,2.2,3.5,,,1
B3,6,1747,NS,2.8,5.6,,,1
B3,6,1748,RS,2.2,4.9,,,1
B3,6,1749,NS,3,6,,,1
B3,6,1750,RS,3,5.5,,,1
B3,6,1751,NS,2.4,5.1,21.3,5.6,1
B3,6,1752,RS,3.4,7,,,1
B3,6,1753,NS,1.6,3.8,,,1
B3,6,1754,RS,2.4,4.9,27,9,1
B3,6,1755,RS,1,2.8,17.5,1.5,1
B3,6,1756,NS,1.7,4,,,1
B3,6,1757,NS,1.8,3.8,20,8,1
B3,6,1758,RS,3.6,7.1,,,1
B3,6,1759,NS,3.8,7.2,,,1
B3,6,1760,RS,3.7,7.5,,,1
B3,6,1761,NS,3.8,6.6,28.5,6.5,1
B3,6,1762,RS,0.7,1.6,11.5,3.5,1
B3,6,1763,NS,0.7,2.1,,,1
B3,6,1764,NS,2.9,5.8,,,1
B3,6,1765,NS,3.1,5.9,29,6,1
B3,6,1766,NS,3.4,6.2,,,1
B3,6,1767,NS,3.1,5.8,24.5,1,1
B3,6,1768,NS,2,5.1,,,1
B3,6,1769,NS,0.8,,,,6
B3,6,1770,RS,1.5,4.3,,,1
B3,6,1771,NS,2.8,,,,6
B3,6,1772,RS,2.1,5,32.5,8,1
B3,6,1773,NS,3.3,6.7,,,1
B3,6,1774,RS,1,1.6,,,1
B3,6,1775,NS,3.2,6.1,28.5,10,1
B3,6,1776,NS,3.6,6.9,30,10,1
B3,6,1777,RS,0.8,2.2,,,1
B3,6,1778,NS,3,5.8,,,1
B3,6,1779,RS,1.2,3.5,,,1
B3,6,1780,NS,2.4,4.8,,,1
B3,6,1781,RS,2.8,6.1,28,8.5,1
B3,6,1782,NS,3.6,6.7,,,1
B3,6,1783,RS,1.8,3.8,22,15,1
B3,6,1784,NS,3.8,6.9,30,12.5,1
B3,6,1785,RS,2,3.6,,,1
B3,6,1786,RS,2.4,4.8,,,1
B3,6,1787,NS,3.2,5.9,26,8.5,1
B3,6,1788,RS,0.4,1.1,11.5,7.5,1
B3,6,1789,NS,3.8,7.7,,,1
B3,6,1790,NS,2.8,5.5,,,1
B3,6,1791,RS,1,3.3,20.5,4.5,1
B3,6,1792,NS,2,3.4,,,1
B3,6,1793,NS,1.8,3.6,,,1
B3,6,1794,RS,1.5,3.9,23,5,1
B3,6,1795,RS,2.7,4.5,,,1
B3,6,1796,NS,4.7,8.6,,,1
B3,6,1797,NS,4.3,7.6,32,5.5,1
B3,6,1798,RS,2.6,4.5,,,1
B3,6,1799,NS,2,4.7,,,1
B3,6,1800,NS,3.1,6,,,1
B3,6,1801,RS,2.2,5,27.5,4.5,1
B3,6,1802,OS,,1.2,,,1
B3,6,1803,NS,3.2,6.2,,,1
B3,6,1804,NS,3.5,6.8,,,1
B3,6,1805,NS,4.1,7.6,,,1
B3,6,1806,NS,3.3,6.5,,,1
B3,6,1807,RS,1.7,4,,,1
B3,7,1811,BS,4.5,6.8,,,1
B3,7,1816,NS,4.3,7.8,,,1
B3,7,1817,BS,1.8,2.4,,,1
B3,7,1818,NS,2.1,4.5,,,1
B3,7,1819,NS,2.2,4.3,,,1
B3,7,1820,BS,1.8,3.9,,,1
B3,7,1821,BS,1.9,3.9,,,1
B3,7,1822,BS,2,4.4,,,1
B3,7,1823,NS,1.5,3.8,,,1
B3,7,1824,BS,0.8,,,,6
B3,7,1825,NS,2.4,5.1,,,1
B3,7,1826,BS,3.7,6.3,,,1
B3,7,1827,BS,1.4,2.6,,,1
B3,7,1828,BS,1.5,,,,6
B3,7,1829,NS,4.1,7.7,,,1
B3,7,1830,NS,3.4,6.8,,,1
B3,7,1831,BS,2.8,5.3,,,1
B3,7,1832,NS,2.2,5.1,,,1
B3,7,1833,NS,4.1,7.5,,,1
B3,7,1834,BS,3.2,4.9,,,1
B3,7,1835,NS,2.6,5.8,,,1
B3,7,1836,NS,3.3,6.2,,,1
B3,7,1837,NS,3.7,7.5,,,1
B3,7,1838,BS,0,1.4,,,1
B3,7,1839,BS,0.2,1.3,,,1
B3,7,1840,NS,0.7,3.3,,,1
B3,7,1841,BS,2.9,5.4,,,1
B3,7,1842,NS,3,5.5,,,1
B3,7,1843,BS,0.8,1.6,,,1
B3,7,1844,NS,2.4,4.4,,,1
B3,7,1845,BS,3.3,6.1,,,1
B3,7,1846,BS,2.4,,,,6
B3,7,1847,NS,,0.7,,,1
B3,7,1848,BS,1.9,4.5,,,1
B3,7,1849,BS,2.2,4.4,,,1
B3,7,1850,NS,3.7,7.3,,,1
B3,7,1851,BS,2,3.3,,,1
B3,7,1852,NS,2.8,5.6,,,1
B3,7,1853,BS,1.6,3.2,,,1
B3,7,1854,BS,2.8,5.2,,,1
B3,7,1855,BS,1.3,2.5,,,1
B3,7,1856,NS,2.6,5.8,,,1
B3,7,1857,BS,3,4.7,,,1
B3,7,1858,NS,2.8,6.5,,,1
B3,7,1859,BS,2.4,4.4,,,1
B3,7,1860,BS,0.9,2.4,,,1
B3,7,1861,NS,3,6.6,,,1
B3,7,1862,NS,1.7,3.9,,,1
B3,7,1863,NS,3.4,6.7,,,1
B3,7,1864,BS,1.9,4.1,,,1
B3,7,1865,NS,2.1,3.4,,,1
B3,7,1866,BS,1.4,3.3,,,1
B3,7,1867,NS,3,5.8,,,1
B3,7,1868,BS,0.7,1.8,,,1
B3,7,1869,NS,1.8,4.3,,,1
B3,7,1870,BS,1.4,2.8,,,1
B3,7,1871,NS,2.4,5.7,,,1
B3,7,1872,BS,2.1,4.3,,,1
B3,7,1873,BS,3.5,5.8,,,1
B3,7,1874,BS,3,5.5,,,1
B3,7,1875,NS,3.4,7.1,,,1
B3,7,1876,BS,2.8,6,,,1
B3,7,1877,NS,3.2,5.9,,,1
B3,7,1878,NS,2.2,3.5,,,1
B3,7,1879,BS,1.8,3.6,,,1
B3,7,1880,NS,3.6,7,,,1
B3,8,1881,NS,2.8,5.2,,,1
B3,8,1882,NS,3.5,6.2,,,1
B3,8,1883,WS,1.8,2.5,,,1
B3,8,1884,WS,2.6,,,,6
B3,8,1885,NS,3.2,6.6,,,1
B3,8,1886,WS,1.8,2,,,1
B3,8,1887,WS,3.4,6.5,,,1
B3,8,1888,WS,0,5.2,,,1
B3,8,1889,NS,2.8,3.8,,,1
B3,8,1890,NS,1.9,3.6,,,1
B3,8,1891,WS,2.9,4.8,,,1
B3,8,1892,NS,3.5,5.1,,,1
B3,8,1893,NS,2.6,7.5,,,1
B3,8,1894,NS,3.9,6.2,,,1
B3,8,1895,NS,2.9,,,,
B3,8,1896,WS,1.3,2,,,1
B3,8,1897,NS,3.4,6,,,1
B3,8,1898,WS,4.2,6.2,,,1
B3,8,1899,NS,1.4,2.8,,,1
B3,8,1900,WS,2.6,4.2,,,1
B3,8,1901,NS,3,5.8,,,1
B3,8,1902,WS,3.6,3.4,,,1
B3,8,1903,NS,3.2,6.2,,,1
B3,8,1904,WS,2.2,3.2,,,1
B3,8,1905,NS,3.3,6.2,,,1
B3,8,1906,NS,0,3.4,,,1
B3,8,1907,WS,3.5,5.4,,,1
B3,8,1908,WS,3.5,5.5,,,1
B3,8,1909,NS,2.1,3.6,,,1
B3,8,1910,NS,2.4,4.4,,,1
B3,8,1911,WS,1.5,2.6,,,1
B3,8,1912,NS,1.7,2.9,,,1
B3,8,1913,NS,2.4,4.5,,,1
B3,8,1914,WS,4.1,7.3,,,1
B3,8,1915,WS,3.1,4.4,,,1
B3,8,1916,WS,3.8,6.2,,,1
B3,8,1917,NS,3,4.7,,,1
B3,8,1918,NS,3.7,5.6,,,1
B3,8,1919,WS,2.8,4.1,,,1
B3,8,1920,NS,3.3,5.3,,,1
B3,8,1921,NS,1.4,1.5,,,1
B3,8,1922,NS,0.9,1.2,,,1
B3,8,1923,NS,1.7,2.9,,,1
B3,8,1924,NS,2.7,4.1,,,1
B3,8,1925,WS,3,4.5,,,1
B3,8,1926,WS,2.4,5.4,,,1
B3,8,1927,WS,2.8,3.7,,,1
B3,8,1928,NS,4.2,7.4,,,1
B3,8,1929,WS,2.8,5,,,1
B3,8,1930,NS,2.7,5,,,1
B3,8,1931,WS,2.4,4,,,1
B3,8,1932,NS,3.5,7,,,1
B3,8,1933,NS,1.2,3.1,,,1
B3,8,1934,WS,2.6,4.3,,,1
B3,8,1935,WS,2.8,5.6,,,1
B3,8,1936,WS,2.5,4.2,,,1
B3,8,1937,WS,3.6,5.7,,,1
B3,8,1938,NS,1.1,,,,6
B3,8,1939,NS,4.4,8.4,,,1
B3,8,1940,WS,2.1,3.6,,,1
B3,8,1941,NS,2.8,4.6,,,1
B3,8,1942,WS,0.2,,,,6
B3,8,1943,NS,2.9,3.8,,,1
B3,8,1944,NS,2.6,4.1,,,1
B3,8,1945,NS,2.6,4.7,,,1
B3,8,1946,NS,2.5,4.7,,,1
B3,8,1947,NS,3,5.3,,,1
B3,8,1948,WS,3,4.5,,,1
B3,8,1949,NS,1.9,4.2,,,1
B3,8,1950,WS,3.1,6.1,,,1
B3,8,1951,NS,4.1,7.7,,,1
B3,8,1952,NS,1.4,3,,,1
B3,8,1953,WS,3.5,5.8,,,1
B3,8,1954,WS,3.7,6.4,,,1
B3,8,1955,NS,2.6,4.9,,,1
B3,8,1956,WS,1.7,,,,6
B3,8,1957,NS,2.8,6,,,1
B3,8,1958,WS,3.4,5.7,,,1
B3,8,1959,NS,1.6,3.8,,,1
B3,8,1960,NS,2.7,4.5,,,1
B3,8,1961,WS,3,4.3,,,1
B3,8,1962,WS,4.5,7.2,,,1
B3,8,1963,NS,2.8,5.6,,,1
B3,8,1964,NS,2.6,5,,,1
B3,9,1001,NS,0.8,0.7,,,1
B3,9,1002,NS,1.5,3.3,,,1
B3,9,1003,NS,3.3,6.3,,,1
B3,9,1004,NS,2.9,5.5,,,1
B3,9,1005,NS,1.5,3.1,,,1
B3,9,1006,NS,1.7,3.4,,,1
B3,9,1007,NS,1.7,3.1,,,1
B3,9,1008,NS,2.6,4.6,,,1
B3,9,1013,NS,4.4,7.7,,,1
B3,9,1014,NS,2.8,5.5,,,1
B3,9,1015,NS,2.9,5.3,,,1
B3,9,1016,NS,2.7,5,,,1
B3,9,1017,NS,2.1,3.9,,,1
B3,9,1018,NS,2.7,4.7,,,1
B3,9,1019,NS,3.9,5.8,,,1
B3,9,1020,NS,2.8,6.6,,,1
B3,9,1021,NS,1.3,3.2,,,1
B3,9,1022,NS,3,5.9,,,1
B3,9,1023,NS,1.3,3.7,,,1
B3,9,1024,NS,3.1,5.9,,,1
B3,9,1025,NS,1.2,2.6,,,1
B3,9,1026,NS,,,,,1
B3,9,1027,NS,2.6,5.8,,,1
B3,9,1028,NS,2.2,2.7,,,1
B3,9,1029,NS,2.6,5,,,1
B3,9,1030,NS,2.9,5.7,,,1
B3,9,1033,NS,3.1,5.5,,,1
B3,9,1034,NS,2.7,4.8,,,1
B3,9,1035,NS,3.5,6.7,,,1
B3,9,1036,NS,3,6.4,,,1
B3,9,1037,NS,2.9,7,,,1
B3,9,1038,NS,3,6.7,,,1
B3,9,1039,NS,3.8,7.6,,,1
B3,9,1041,NS,2.4,5.6,,,1
B3,9,1042,NS,2.6,4.7,,,1
B3,9,1043,NS,3.1,6.5,,,1
B3,9,1044,NS,0.9,0.9,,,1
B3,9,1045,NS,1.2,6.3,,,1
B3,9,1047,NS,2.7,,,,14
B3,9,1966,NS,1.3,,,,14
B3,9,1967,NS,2.5,5,,,1
B3,9,1968,NS,4.9,7.2,,,1
B3,9,1969,NS,2.2,3.8,,,1
B3,9,1970,NS,2,3,,,1
B3,9,1971,NS,3.4,6.4,,,1
B3,9,1972,NS,3.4,6.6,,,1
B3,9,1973,NS,2.2,4.4,,,1
B3,9,1977,NS,1.1,2.7,,,1
B3,9,1978,NS,1.1,2.8,,,1
B3,9,1979,NS,2.2,4.1,,,1
B3,9,1980,NS,3.2,5.1,,,1
B3,9,1981,NS,3.8,6,,,1
B3,9,1982,NS,3.1,5.2,,,1
B3,9,1983,NS,2.8,5,,,1
B3,9,1984,NS,4.7,8.3,,,1
B3,9,1985,NS,3.4,6.3,,,1
B3,9,1987,NS,1.9,4.2,,,1
B3,9,1988,NS,2.8,7.3,,,1
B3,9,1989,NS,3.5,6.6,,,1
B3,9,1993,NS,1.4,3,,,1
B3,9,1994,NS,3.2,6.1,,,1
B3,9,1995,NS,3.6,6.6,,,1
B3,9,1996,NS,4,6.5,,,1
B3,9,1997,NS,3.8,5.5,,,1
B3,9,1998,NS,3.4,5.5,,,1
B3,9,1999,NS,4.8,8.9,,,1
B3,9,2000,NS,1.5,4.1,,,1
B3,9,NS1,NS,1.1,,,,14
B3,10,100,RS,0.2,1.2,,,1
B3,10,1040,RS,,4.5,,,1
B3,10,1041,RS,2.4,5.6,,,1
B3,10,1042,RS,2.5,,,,1
B3,10,1046,RS,1.5,,,,14
B3,10,1047,RS,,6.8,,,1
B3,10,1048,RS,1.7,4.3,,,1
B3,10,1049,RS,1.4,3.7,,,1
B3,10,1050,RS,0.3,1.3,,,1
B3,10,1051,RS,,1.5,,,1
B3,10,1052,RS,2.4,5.8,,,1
B3,10,1053,RS,1.1,3.7,,,1
B3,10,1054,RS,3.3,7,,,1
B3,10,1055,RS,2.4,5.8,,,1
B3,10,1056,RS,1.2,3.7,,,1
B3,10,1058,RS,0.9,3.8,,,1
B3,10,1059,RS,1.5,3.9,,,1
B3,10,1060,RS,,1.6,,,1
B3,10,1061,RS,2.3,5.5,,,1
B3,10,1062,RS,1.1,4.4,,,1
B3,10,1063,RS,2.2,5.3,,,1
B3,10,1064,RS,1.5,4.5,,,1
B3,10,1065,RS,2.5,6.3,,,1
B3,10,1066,RS,2.7,6.5,,,1
B3,10,1067,RS,2.2,5.7,,,1
B3,10,1068,RS,1,3.6,,,1
B3,10,1069,RS,0.9,3,,,1
B3,10,1070,RS,1.4,4.3,,,1
B3,10,1071,RS,1.5,5.3,,,1
B3,10,1072,RS,3,6.7,,,1
B3,10,1073,RS,1.5,4,,,1
B3,10,1074,RS,,,,,14
B3,10,1075,RS,1.3,,,,6
B3,10,1076,RS,0.4,1.5,,,1
B3,10,1077,RS,1.6,4.3,,,1
B3,10,1078,RS,1.7,4.3,,,1
B3,10,1079,RS,3.1,5.4,,,1
B3,10,1080,RS,2.5,5.6,,,1
B3,10,1081,RS,1.5,4,,,1
B3,10,1082,RS,1.1,4.5,,,1
B3,10,1083,RS,0.9,2.9,,,1
B3,10,1084,RS,2,3.9,,,1
B3,10,1085,RS,3.2,5.8,,,1
B3,10,1086,RS,2,5.1,,,1
B3,10,1087,RS,0.6,0.9,,,1
B3,10,1088,RS,2.1,4.2,,,1
B3,10,1089,RS,0.4,,,,6
B3,10,1090,RS,2.3,4.4,,,1
B3,10,1091,RS,,,,,1
B3,10,1092,RS,0.8,,,,14
B4,1,623,BS,1.6,2.9,,,1
B4,1,624,BS,0.5,0.7,,,1
B4,1,625,BS,2.3,4.7,,,1
B4,1,626,BS,1.2,2.3,,,1
B4,1,627,BS,3.7,7,,,1
B4,1,628,BS,0.7,,,,14
B4,1,629,BS,2.4,3.3,,,1
B4,1,630,BS,3.8,,,,14
B4,1,631,BS,0.9,2,,,1
B4,1,632,BS,0,3.3,,,1
B4,1,633,BS,2.7,4.9,,,1
B4,1,634,BS,2.4,4.2,,,1
B4,1,635,BS,1.2,3.5,,,1
B4,1,636,BS,1.6,2.4,,,1
B4,1,637,BS,3.8,6.2,,,1
B4,1,638,BS,3.4,4.7,,,1
B4,1,639,BS,1.9,4.6,,,1
B4,1,640,BS,1.7,,,,6
B4,1,641,BS,0.9,,,,14
B4,1,642,BS,1.1,2.6,,,1
B4,1,643,BS,1.1,1.6,,,1
B4,1,644,BS,3.1,5.1,,,1
B4,1,645,BS,1.5,3.5,,,1
B4,1,646,BS,1.5,4.7,,,1
B4,1,647,BS,2.8,4.5,,,1
B4,1,648,BS,3.8,5.8,,,1
B4,1,649,BS,3.3,,,,14
B4,1,650,BS,2.2,3.9,,,1
B4,1,651,BS,0.4,1.1,,,1
B4,1,652,BS,2.3,4.3,,,1
B4,1,653,BS,3.1,4.8,,,1
B4,1,654,BS,,5.8,,,1
B4,1,655,BS,,4.8,,,1
B4,1,656,BS,2.1,4.4,,,1
B4,1,657,BS,0.9,,,,6
B4,1,658,BS,2.5,4.7,,,1
B4,1,659,BS,2.2,3.4,,,1
B4,1,660,BS,2.8,5.5,,,1
B4,1,661,BS,,6.2,,,1
B4,1,662,BS,2,3.3,,,1
B4,1,663,BS,3.7,5.5,,,1
B4,1,664,BS,2.7,4.3,,,1
B4,1,664,BS,2.7,4.4,,,1
B4,1,665,BS,2.7,5.5,,,1
B4,1,666,BS,3.1,4.3,,,1
B4,1,667,BS,0.6,0.9,,,1
B4,1,668,BS,2.8,4.3,,,1
B4,1,669,BS,3.5,5.1,,,1
B4,1,670,BS,3,4,,,1
B4,1,671,BS,3.8,5.7,,,1
B4,1,672,BS,2.6,4.2,,,1
B4,1,673,BS,3.1,5.3,,,1
B4,1,674,BS,2.6,4.6,,,1
B4,1,675,BS,3.3,5.1,,,1
B4,1,676,BS,3.9,5.8,,,1
B4,1,677,BS,3.7,4.6,,,1
B4,1,678,BS,3.8,5.8,,,1
B4,1,679,BS,2.2,4.8,,,1
B4,1,680,BS,1.5,,,,6
B4,1,681,BS,3.7,6.3,,,1
B4,1,682,BS,1.3,2.3,,,1
B4,1,683,BS,2.3,4,,,1
B4,1,684,BS,3.5,5.5,,,1
B4,1,685,BS,4.3,6.5,,,1
B4,1,686,BS,2.3,,,,6
B4,1,687,BS,2.1,,,,6
B4,1,688,BS,1.5,,,,14
B4,1,689,BS,2,3.9,,,1
B4,1,690,BS,3.9,5.9,,,1
B4,1,691,BS,3.2,5,,,1
B4,1,692,BS,2.4,4.2,,,1
B4,1,693,BS,1.1,1.6,,,1
B4,1,694,BS,2.6,4.1,,,1
B4,1,695,BS,2.2,3.9,,,1
B4,1,696,BS,3.6,5.3,,,1
B4,1,697,BS,3,5.3,,,1
B4,1,698,BS,3.7,5.7,,,1
B4,1,699,BS,4.3,6.7,,,1
B4,1,700,BS,2.8,4.5,,,1
B4,1,707,BS,2.4,4.1,,,1
B4,1,1026,BS,2.3,,,,6
B4,1,100,BS,,0.6,,,1
B4,1,101,BS,0.8,2.9,,,1
B4,1,102,BS,0.5,1.1,,,1
B4,1,103,BS,0.4,0.8,,,1
B4,1,104,BS,2.8,5.3,,,1
B4,1,105,BS,3.1,5.8,,,1
B4,1,106,BS,,0.3,,,1
B4,1,107,BS,0.5,1.4,,,1
B4,1,108,BS,,0.4,,,1
B4,1,109,BS,0.7,1.8,,,1
B4,2,439,NS,1.9,,,,14
B4,2,443,NS,3.1,4.9,,,1
B4,2,444,NS,3.6,7.5,,,1
B4,2,445,WS,3,5.6,,,1
B4,2,446,WS,1.8,3.7,,,1
B4,2,447,WS,1.5,3.8,,,1
B4,2,448,OS,3.7,6.4,,,1
B4,2,449,OS,,4.2,,,1
B4,2,450,WS,3.5,5.3,,,1
B4,2,451,NS,1.6,2.8,,,1
B4,2,452,NS,2,2.6,,,1
B4,2,453,WS,3.3,5.8,,,1
B4,2,454,NS,3.1,5,,,1
B4,2,455,WS,1.5,3.4,,,1
B4,2,456,NS,3.7,6.7,,,1
B4,2,457,OS,3,5.5,,,1
B4,2,458,WS,2.4,5,,,1
B4,2,459,OS,,4.1,,,1
B4,2,460,OS,,5.1,,,1
B4,2,461,WS,2.7,,,,6
B4,2,462,WS,2.1,,,,6
B4,2,463,WS,1.3,2.6,,,1
B4,2,464,WS,0.9,1.6,,,1
B4,2,465,WS,1.6,4,,,1
B4,2,466,NS,2.8,5.5,,,1
B4,2,467,NS,3.5,5.7,,,1
B4,2,468,WS,2.8,4.9,,,1
B4,2,469,NS,4.3,6.5,,,1
B4,2,470,NS,3.7,5.7,,,1
B4,2,471,NS,3.1,5.4,,,1
B4,2,472,WS,3.1,5.9,,,1
B4,2,473,NS,3.3,5.5,,,1
B4,2,474,WS,2.8,4.9,,,1
B4,2,475,NS,3.3,6.8,,,1
B4,2,476,WS,2.5,5.3,,,1
B4,2,477,NS,3.6,8,,,1
B4,2,478,NS,2.5,4.6,,,1
B4,2,479,WS,0.9,1.7,,,1
B4,2,480,NS,2.9,5.9,,,1
B4,2,481,NS,3.7,7.6,,,1
B4,2,482,WS,2.2,4.1,,,1
B4,2,483,OS,,4.7,,,1
B4,2,484,WS,2.8,5.5,,,1
B4,2,485,NS,3.3,6.1,,,1
B4,2,486,WS,2.8,4.3,,,1
B4,2,487,NS,2.2,4.1,,,1
B4,2,488,NS,0.6,1.5,,,1
B4,2,489,NS,1.7,4.2,,,1
B4,2,490,WS,3.3,5.7,,,1
B4,2,491,NS,2.6,0.8,,,1
B4,2,492,WS,1.3,3.5,,,1
B4,2,493,NS,2.1,4.8,,,1
B4,2,494,WS,0.5,,,,6
B4,2,495,WS,2.5,4.6,,,1
B4,2,496,WS,3.6,6.1,,,1
B4,2,497,OS,,2.8,,,1
B4,2,498,NS,0.3,0.7,,,1
B4,2,499,NS,0.5,,,,6
B4,2,500,WS,1,1.2,,,1
B4,2,601,WS,1.2,,,,14
B4,2,602,WS,0.8,2.4,,,1
B4,2,603,OS,,1,,,1
B4,2,604,NS,0.7,,,,6
B4,2,605,NS,2.4,3.9,,,1
B4,2,606,OS,2.1,4.2,,,1
B4,2,607,NS,1,2,,,1
B4,2,608,WS,1.8,2.7,,,1
B4,2,609,NS,1.1,1.5,,,1
B4,2,610,NS,1.2,1.6,,,1
B4,2,611,NS,1,,,,6
B4,2,612,NS,2.2,3.7,,,1
B4,2,613,OS,2.6,5,,,1
B4,2,614,NS,2.4,4.2,,,1
B4,2,615,WS,1.5,2.5,,,1
B4,2,616,OS,,6.2,,,1
B4,2,617,WS,1.5,2.8,,,1
B4,2,618,WS,2.2,4.7,,,1
B4,2,619,NS,2.2,5.1,,,1
B4,2,620,NS,1.9,4.1,,,1
B4,2,621,OS,,2.5,,,1
B4,2,622,OS,,4.7,,,1
B4,3,379,WS,2.9,5.5,,,1
B4,3,380,WS,3.3,5.6,,,1
B4,3,381,WS,3.1,4.8,,,1
B4,3,382,WS,4,6.5,,,1
B4,3,383,WS,2.7,6.8,,,1
B4,3,384,WS,1.1,3.3,,,1
B4,3,385,WS,1.7,4.4,,,1
B4,3,386,WS,3.5,6.5,,,1
B4,3,387,WS,2.3,4,,,1
B4,3,388,WS,2.4,4,,,1
B4,3,389,WS,3,5.6,,,1
B4,3,390,WS,1.6,3,,,1
B4,3,391,WS,2.8,4.8,,,1
B4,3,392,WS,3.2,4.8,,,1
B4,3,393,WS,3.9,6.4,,,1
B4,3,394,WS,3.3,5.1,,,1
B4,3,395,WS,1.5,3.1,,,1
B4,3,396,WS,3.3,5.5,,,1
B4,3,397,WS,3.9,6.7,,,1
B4,3,398,WS,2.4,4.7,,,1
B4,3,399,WS,0.4,1.9,,,1
B4,3,400,WS,1.3,3.6,,,1
B4,3,401,WS,2.2,5,,,1
B4,3,402,WS,0.7,2.1,,,1
B4,3,403,WS,,,,,6
B4,3,404,WS,1.9,3.7,,,1
B4,3,405,WS,3.4,6.1,,,1
B4,3,406,WS,3,5.1,,,1
B4,3,407,WS,1.7,3.4,,,1
B4,3,408,WS,1.5,2.6,,,1
B4,3,409,WS,1.5,2.2,,,1
B4,3,410,WS,2.3,4,,,1
B4,3,411,WS,3.3,5.3,,,1
B4,3,412,WS,4.1,6.2,,,1
B4,3,413,WS,2.5,4.8,,,1
B4,3,414,WS,2.9,5.4,,,1
B4,3,415,WS,1.5,4.2,,,1
B4,3,416,WS,0.9,3.1,,,1
B4,3,417,WS,1.5,3.5,,,1
B4,3,418,WS,1.1,2.8,,,1
B4,3,419,WS,3.3,6.3,,,1
B4,3,420,WS,2.6,4.9,,,1
B4,3,421,WS,,1,,,1
B4,3,422,WS,3,5.1,,,1
B4,3,423,WS,3.4,5.9,,,1
B4,3,424,WS,2.9,4.8,,,1
B4,3,425,WS,3.3,7.5,,,1
B4,3,426,WS,1.9,4.7,,,1
B4,3,427,WS,1.4,3.8,,,1
B4,3,428,WS,2.2,5.5,,,1
B4,3,429,WS,1.7,4.1,,,1
B4,3,430,WS,2.4,5.1,,,1
B4,3,431,WS,3.7,5.6,,,1
B4,3,432,WS,3.7,7,,,1
B4,3,433,WS,4.4,7.3,,,1
B4,3,434,WS,3,5,,,1
B4,3,435,WS,3,5.5,,,1
B4,3,436,WS,1.7,2.9,,,1
B4,3,437,WS,2.2,4.3,,,1
B4,3,438,WS,1.8,3.6,,,1
B4,3,439,WS,1.4,2.4,,,1
B4,3,440,WS,2,4.5,,,1
B4,3,441,WS,1.8,4,,,1
B4,3,442,WS,2,4.7,,,1
B4,3,701,WS,2.7,4.4,,,1
B4,3,702,WS,4.3,6,,,1
B4,3,703,WS,2.7,5.4,,,1
B4,3,704,WS,0,5.6,,,1
B4,3,705,WS,3.2,6.3,,,1
B4,3,706,WS,1.7,3.3,,,1
B4,3,707,WS,2.3,4,,,1
B4,3,708,WS,3.5,6.3,,,1
B4,3,764,WS,2.8,,,,14
B4,4,232,RS,0.4,2.3,,,1
B4,4,233,NS,1.3,4.4,,,1
B4,4,242,RS,0.5,2.9,,,1
B4,4,243,RS,1.4,4.3,,,1
B4,4,318,NS,3.1,7.6,,,1
B4,4,319,RS,1.5,3.4,,,1
B4,4,320,RS,3.4,6.1,,,1
B4,4,321,OS,,,,,6
B4,4,322,OS,1.1,3.6,,,1
B4,4,323,NS,3,6.7,,,1
B4,4,324,NS,2.8,6.1,,,1
B4,4,325,RS,1.1,3.9,,,1
B4,4,326,RS,1.9,4.9,,,1
B4,4,327,NS,3.6,8.9,,,1
B4,4,328,RS,1.2,3,,,1
B4,4,329,RS,0,0.8,,,1
B4,4,330,RS,3.1,6.3,,,1
B4,4,331,NS,2.6,6.6,,,1
B4,4,332,RS,1.1,3.7,,,1
B4,4,333,NS,2.6,5.5,,,1
B4,4,334,NS,3.2,6.4,,,1
B4,4,335,RS,1.7,4.2,,,1
B4,4,336,RS,0.9,3.3,,,1
B4,4,337,RS,0.8,2.8,,,1
B4,4,338,NS,,,,,14
B4,4,339,NS,2,5.4,,,1
B4,4,340,NS,1.8,4.8,,,1
B4,4,341,RS,1.2,3,,,1
B4,4,342,RS,2.9,6.6,,,1
B4,4,343,RS,0.3,1.1,,,1
B4,4,344,NS,1.2,4.8,,,1
B4,4,345,RS,3.2,7,,,1
B4,4,346,RS,2.2,4.9,,,1
B4,4,347,RS,2.6,5.7,,,1
B4,4,348,RS,1.5,4.7,,,1
B4,4,349,RS,0.8,2.7,,,1
B4,4,350,NS,1.6,4.1,,,1
B4,4,351,RS,3.6,6.4,,,1
B4,4,352,NS,2.8,6.9,,,1
B4,4,353,RS,1.2,3.1,,,1
B4,4,354,RS,0.9,2.1,,,1
B4,4,355,RS,0.8,2,,,1
B4,4,356,NS,2.8,6.6,,,1
B4,4,357,RS,2.2,4.4,,,1
B4,4,358,RS,3.3,7.3,,,1
B4,4,359,RS,0.8,2.5,,,1
B4,4,360,NS,2.1,5,,,1
B4,4,361,RS,,,,,1
B4,4,362,RS,2.9,6.3,,,1
B4,4,363,RS,2.8,5.9,,,1
B4,4,364,NS,2.3,5.6,,,1
B4,4,365,RS,,1.3,,,1
B4,4,366,NS,2.5,5.6,,,1
B4,4,367,NS,1.6,3.8,,,1
B4,4,368,NS,2.1,4,,,1
B4,4,369,NS,2.2,4,,,1
B4,4,370,RS,1.9,3.9,,,1
B4,4,371,RS,2.3,4.2,,,1
B4,4,372,NS,2.8,5.1,,,1
B4,4,373,RS,2,4.1,,,1
B4,4,374,RS,2.5,4.4,,,1
B4,4,375,RS,1.3,3.3,,,1
B4,4,376,RS,2.8,6.6,,,1
B4,4,377,RS,0.9,2.1,,,1
B4,4,378,NS,3.5,6.9,,,1
B4,4,383,NS,2.8,4.8,,,1
B4,4,459,RS,1.8,4.3,,,1
B4,4,492,RS,1.3,3.4,,,14
B4,5,246,WS,3.5,,,,14
B4,5,247,WS,0.2,,,,1
B4,5,248,BS,0.9,,,,6
B4,5,249,WS,1.3,4.1,,,1
B4,5,250,WS,0.9,2.7,,,1
B4,5,251,WS,1.7,5.1,,,1
B4,5,252,WS,1.1,4.5,,,1
B4,5,253,WS,0.8,,,,14
B4,5,254,BS,1.1,2.8,,,1
B4,5,255,BS,1.8,,,,14
B4,5,256,WS,2.4,4.5,,,1
B4,5,257,BS,3,,,,14
B4,5,258,BS,2.2,,,,14
B4,5,259,WS,3.4,,,,14
B4,5,260,WS,2.4,5.6,,,1
B4,5,261,WS,1.1,2.7,,,1
B4,5,262,BS,1.7,,,,6
B4,5,263,BS,2.5,,,,6
B4,5,264,OS,0,6.6,,,1
B4,5,265,OS,3.4,5.2,,,1
B4,5,266,OS,,,,,6
B4,5,267,WS,0.6,,,,14
B4,5,268,WS,0.9,3.1,,,1
B4,5,269,OS,,1.5,,,1
B4,5,270,WS,0.8,2.4,,,1
B4,5,271,BS,1.5,3.5,,,14
B4,5,272,OS,1.6,,,,14
B4,5,272,WS,1.7,,,,14
B4,5,273,BS,2,,,,14
B4,5,273,BS,2.1,,,,14
B4,5,274,WS,1.9,,,,6
B4,5,275,BS,1.3,,,,14
B4,5,276,BS,1,,,,14
B4,5,277,WS,1.5,4.4,,,1
B4,5,278,BS,3.1,4.5,,,1
B4,5,279,WS,2.8,3.9,,,1
B4,5,280,BS,2.4,4.4,,,1
B4,5,281,WS,1.8,4.2,,,1
B4,5,282,BS,2.6,,,,6
B4,5,283,WS,2.4,5.5,,,1
B4,5,284,BS,3.4,5.3,,,1
B4,5,285,WS,0.8,,,,14
B4,5,286,WS,1,3,,,1
B4,5,287,WS,0.1,0.9,,,1
B4,5,288,WS,0.2,1.3,,,1
B4,5,289,WS,1.6,4.1,,,1
B4,5,290,BS,1.5,3.6,,,1
B4,5,291,BS,3.9,5.5,,,1
B4,5,292,WS,2.8,6,,,1
B4,5,293,WS,1.1,2.4,,,1
B4,5,294,BS,3.9,5.5,,,1
B4,5,295,WS,3.6,6,,,1
B4,5,296,WS,1.9,4.4,,,1
B4,5,297,BS,0.9,1.8,,,1
B4,5,298,BS,2.4,3,,,1
B4,5,299,WS,4.4,7.7,,,1
B4,5,300,WS,1.8,4.3,,,1
B4,5,301,BS,2.7,5,,,1
B4,5,302,WS,0.7,2.5,,,1
B4,5,303,BS,1.9,,,,14
B4,5,304,BS,1.3,2.2,,,1
B4,5,305,WS,2.2,3.8,,,1
B4,5,306,WS,2.9,5.6,,,1
B4,5,307,WS,1.8,3.7,,,1
B4,5,308,WS,4.1,6.3,,,1
B4,5,309,BS,3.4,5.5,,,1
B4,5,310,WS,4.6,8,,,1
B4,5,311,BS,2.8,4.8,,,1
B4,5,312,BS,3.6,6,,,1
B4,5,313,BS,5,7.1,,,1
B4,5,314,WS,3.5,6.1,,,1
B4,5,315,BS,3.8,6.3,,,1
B4,5,316,WS,2.9,5.7,,,1
B4,5,317,BS,1.8,3.8,,,1
B4,5,389,WS,3,5.6,,,1
B4,5,400,OS,,4.9,,,1
B4,5,401,OS,,3.6,,,1
B4,5,416,WS,0.8,3,,,1
B4,5,441,OS,,4,,,1
B4,5,442,WS,2,4.7,,,1
B4,5,600,WS,,5.6,,,1
B4,5,601,WS,,5.1,,,1
B4,5,602,WS,,6.6,,,1
B4,5,603,BS,,4.8,,,1
B4,5,604,BS,,3.7,,,1
B4,5,605,WS,,2.4,,,1
B4,6,212,RS,2.3,5.1,,,1
B4,6,213,RS,,,,,6
B4,6,214,RS,1.5,6.6,,,1
B4,6,214,RS,3.3,,,,14
B4,6,215,RS,3.1,6,,,1
B4,6,216,RS,2.2,4.8,,,1
B4,6,217,RS,1.9,4.8,,,1
B4,6,218,RS,0.3,2.5,,,1
B4,6,219,RS,0.5,2.4,,,1
B4,6,221,RS,,2.9,,,1
B4,6,222,RS,,,,,14
B4,6,223,RS,2.5,5,,,1
B4,6,224,RS,2.2,,,,14
B4,6,226,RS,,2.5,,,1
B4,6,227,RS,,,,,6
B4,6,228,RS,0.7,2.5,,,1
B4,6,229,RS,2.3,,,,14
B4,6,230,RS,4.1,,,,14
B4,6,231,RS,0.4,1.9,,,1
B4,6,232,RS,0.4,2.3,,,1
B4,6,233,RS,1.3,4.3,,,1
B4,6,234,RS,1.5,5.1,,,1
B4,6,235,RS,1.3,,,,14
B4,6,236,RS,1.2,,,,14
B4,6,237,RS,1,,,,14
B4,6,238,RS,0.9,4,,,1
B4,6,239,RS,2.2,5.2,,,1
B4,6,240,RS,,4.1,,,1
B4,6,241,RS,1.2,4.9,,,1
B4,6,242,RS,0.6,2.9,,,1
B4,6,243,RS,1.4,4.4,,,1
B4,6,245,RS,,,,,14
B4,6,246,RS,3.5,,,,14
B4,6,249,RS,2,,,,1
B4,6,250,RS,1.1,,,,1
B4,6,256,RS,2.5,,,,1
B4,6,257,RS,3,,,,1
B4,6,259,RS,3.7,,,,1
B4,6,262,RS,,,,,14
B4,6,262,RS,,,,,14
B4,6,538,RS,,1.6,,,1
B4,6,540,RS,,4.3,,,1
B4,7,79,BS,1.8,,,,14
B4,7,92,NS,3.3,,,,14
B4,7,93,NS,3.1,7.3,,,1
B4,7,93,NS,3.5,,,,14
B4,7,161,NS,2.9,5.6,,,1
B4,7,162,BS,3,4.8,,,1
B4,7,167,BS,2.8,4.6,,,1
B4,7,168,BS,3.1,6,,,1
B4,7,169,NS,2.8,6.5,,,1
B4,7,170,BS,2.1,4.1,,,1
B4,7,171,NS,1.9,4.9,,,1
B4,7,172,NS,2.1,5,,,1
B4,7,173,NS,4.4,8.5,,,1
B4,7,174,BS,2.4,,,,14
B4,7,175,NS,2.3,6.5,,,1
B4,7,176,BS,0.8,,,,6
B4,7,177,NS,3.6,7.3,,,1
B4,7,178,BS,2.8,4.3,,,1
B4,7,179,NS,2.4,6.2,,,1
B4,7,180,BS,1.6,4.1,,,1
B4,7,181,NS,3.1,5.9,,,1
B4,7,182,BS,3.5,5.2,,,1
B4,7,183,BS,3,4.7,,,1
B4,7,184,NS,3.5,7.3,,,1
B4,7,185,NS,3.7,7.2,,,1
B4,7,186,NS,3.7,7.1,,,1
B4,7,187,BS,2.3,,,,14
B4,7,188,NS,0.6,2.4,,,1
B4,7,189,NS,2.2,,,,14
B4,7,190,NS,3.5,6.8,,,1
B4,7,191,BS,2,4.1,,,1
B4,7,192,NS,2.8,6.8,,,1
B4,7,193,NS,2.1,4.7,,,1
B4,7,194,NS,3.1,6.5,,,1
B4,7,195,BS,1.1,,,,6
B4,7,196,NS,4,8.5,,,1
B4,7,197,NS,2,4.5,,,1
B4,7,198,NS,4.7,7.6,,,1
B4,7,199,BS,0,4.4,,,1
B4,7,200,BS,2.6,5.6,,,1
B4,7,201,BS,3.3,5.6,,,1
B4,7,202,NS,2.4,,,,14
B4,7,203,BS,3,4.7,,,1
B4,7,204,NS,5.1,8.4,,,1
B4,7,205,BS,3.5,5.5,,,1
B4,7,206,NS,3.1,5,,,1
B4,7,207,NS,2.2,4.4,,,1
B4,7,208,BS,1.7,,,,14
B4,7,209,NS,2,4.2,,,1
B4,7,210,BS,3.7,5.8,,,1
B4,7,211,NS,3.1,6.7,,,1
B4,7,308,WS,4.1,6.1,,,1
B4,7,B47-1,BS,3.2,,,,14
B4,7,B47-2,NS,3.1,,,,14
B4,8,122,BS,2.3,5,,,1
B4,8,123,BS,1.4,3,,,1
B4,8,124,RS,0.8,1.9,,,1
B4,8,125,BS,3,5,,,1
B4,8,126,BS,1.9,3.7,,,1
B4,8,127,BS,1.5,3,,,1
B4,8,128,BS,2.8,5.8,,,1
B4,8,129,BS,3.9,6.9,,,1
B4,8,130,BS,2.1,4.5,,,1
B4,8,131,RS,0.2,2.4,,,1
B4,8,132,BS,2,,,,6
B4,8,133,BS,2.6,,,,14
B4,8,134,BS,2.4,,,,14
B4,8,135,RS,1.7,4.9,,,1
B4,8,136,BS,3,5.2,,,1
B4,8,137,RS,2.3,5.4,,,1
B4,8,138,OS,0.1,0.9,,,1
B4,8,139,BS,2.8,,,,6
B4,8,140,BS,2.7,5.8,,,1
B4,8,141,RS,0,,,,14
B4,8,142,BS,1,,,,6
B4,8,143,BS,0,2.6,,,1
B4,8,144,RS,1.1,4.6,,,1
B4,8,145,BS,3.7,6.1,,,1
B4,8,146,BS,2.4,4.9,,,1
B4,8,147,RS,1.4,4.3,,,1
B4,8,148,BS,2.4,4.9,,,1
B4,8,149,RS,2.2,5,,,1
B4,8,150,OS,1.7,3.7,,,1
B4,8,151,OS,0.5,1.3,,,1
B4,8,152,OS,0.5,2.4,,,1
B4,8,153,RS,0.9,,,,14
B4,8,154,RS,1.5,3.7,,,1
B4,8,155,BS,2.2,4,,,1
B4,8,156,RS,2,,,,14
B4,8,157,BS,2.6,4.8,,,1
B4,8,158,RS,3.1,6.7,,,1
B4,8,159,BS,2.8,5.1,,,1
B4,8,160,BS,1.9,,,,14
B4,8,161,OS,3.2,5.6,,,1
B4,8,162,BS,3,4.8,,,1
B4,8,163,BS,3.2,4.4,,,1
B4,8,164,RS,1.4,3.7,,,1
B4,8,165,RS,1.4,3.4,,,1
B4,8,166,BS,2.8,6.1,,,1
B4,8,168,BS,3.2,6,,,1
B4,8,244,BS,3.1,5.8,,,1
B4,8,517,RS,0,1.8,,,1
B4,8,518,RS,0,2.7,,,1
B4,8,519,RS,0,3,,,1
B4,8,520,BS,0,1.2,,,1
B4,8,521,BS,0,4.8,,,1
B4,8,1706,RS,0.2,1.7,,,1
B4,9,72,RS,2.2,4.6,,,1
B4,9,73,RS,2.8,6.3,,,1
B4,9,74,WS,1.3,,,,6
B4,9,75,RS,1.3,3,,,1
B4,9,76,WS,3.4,6,,,1
B4,9,77,RS,0.9,1.7,,,1
B4,9,78,NS,3.4,6.9,,,1
B4,9,79,RS,1.8,3.1,,,1
B4,9,80,WS,1.9,3.4,,,1
B4,9,81,WS,3.8,6.8,,,1
B4,9,82,WS,4.6,7.9,,,1
B4,9,83,RS,2,5.1,,,1
B4,9,84,WS,2.6,4.9,,,1
B4,9,85,RS,3,5.7,,,1
B4,9,86,WS,3.9,6.5,,,1
B4,9,87,RS,0.8,2.5,,,1
B4,9,88,RS,2.8,6.2,,,1
B4,9,89,WS,2.8,4.3,,,1
B4,9,90,WS,4.4,7.2,,,1
B4,9,91,WS,2.4,4.9,,,1
B4,9,92,NS,3.6,6.8,,,1
B4,9,94,WS,0,5.4,,,1
B4,9,95,BS,2.5,5.8,,,1
B4,9,96,WS,3.2,5.9,,,1
B4,9,97,WS,2.3,4.9,,,1
B4,9,98,RS,2.8,5,,,1
B4,9,99,WS,4.1,7.1,,,1
B4,9,100,RS,2.1,4.6,,,1
B4,9,101,WS,2.2,5.3,,,1
B4,9,102,WS,4.3,7,,,1
B4,9,103,RS,1.2,2.7,,,1
B4,9,104,WS,0.6,,,,6
B4,9,105,WS,1.7,4.5,,,1
B4,9,106,WS,3.7,6.7,,,1
B4,9,107,RS,1.6,3.8,,,1
B4,9,108,WS,2.4,4.4,,,1
B4,9,109,RS,2.6,4.6,,,1
B4,9,110,WS,4.1,7.7,,,1
B4,9,111,RS,0.7,2,,,1
B4,9,112,WS,4.9,8.9,,,1
B4,9,113,WS,2.2,4.8,,,1
B4,9,114,RS,1.2,3.5,,,1
B4,9,115,WS,2.4,5.1,,,1
B4,9,116,RS,2.4,6.1,,,1
B4,9,117,BS,2.3,5,,,1
B4,9,118,WS,1.7,5,,,1
B4,9,119,WS,3.1,7.1,,,1
B4,9,120,WS,3,6.5,,,1
B4,9,121,RS,1.7,,,,14
B4,9,1691,RS,0.6,,,,14
B4,9,R91,RS,1.4,,,,14
B4,9,R92,WS,3.1,,,,14
B4,9,R93,RS,0.6,,,,14
B4,10,1,NS,1.7,3.2,,,1
B4,10,2,NS,4.2,7.5,,,1
B4,10,3,NS,3.5,5.6,,,1
B4,10,4,NS,3.3,6.3,,,1
B4,10,5,NS,2.2,4.9,,,1
B4,10,6,NS,2.2,5.6,,,1
B4,10,7,NS,1.7,3.6,,,1
B4,10,8,NS,3,6.1,,,1
B4,10,9,NS,2.2,4.9,,,1
B4,10,10,NS,3.2,6.6,,,1
B4,10,11,NS,1.8,3.8,,,1
B4,10,12,NS,1,2.1,,,1
B4,10,13,NS,3.7,5.9,,,1
B4,10,14,NS,4.4,7.5,,,1
B4,10,15,NS,3.6,5.8,,,1
B4,10,16,NS,3,5.5,,,1
B4,10,17,NS,1.4,3,,,1
B4,10,18,NS,2.4,4.2,,,1
B4,10,19,NS,2.7,4,,,1
B4,10,20,NS,2.9,6,,,1
B4,10,21,NS,2.2,5,,,1
B4,10,22,NS,3.5,7,,,1
B4,10,23,NS,2.8,5.6,,,1
B4,10,24,NS,2.3,5.3,,,1
B4,10,25,NS,3.3,6.2,,,1
B4,10,26,NS,3.3,5.8,,,1
B4,10,27,NS,3.3,6.1,,,1
B4,10,28,NS,2.8,5.1,,,1
B4,10,29,NS,2.7,5.6,,,1
B4,10,30,NS,2.9,5.1,,,1
B4,10,31,NS,,6.8,,,1
B4,10,32,NS,3.6,6.4,,,1
B4,10,33,NS,3.1,5.5,,,1
B4,10,34,NS,3.7,7.5,,,1
B4,10,35,NS,3.9,7.2,,,1
B4,10,36,NS,3.4,6.3,,,1
B4,10,37,NS,3.3,6.4,,,1
B4,10,38,NS,3.5,6.5,,,1
B4,10,39,NS,3.5,5.1,,,1
B4,10,40,NS,3.7,6.6,,,1
B4,10,41,NS,3.2,5.2,,,1
B4,10,42,NS,3.9,,,,14
B4,10,43,NS,3,5.2,,,1
B4,10,44,NS,2,3.7,,,1
B4,10,45,NS,2.2,3.2,,,1
B4,10,46,NS,3.4,5.8,,,1
B4,10,47,NS,1.7,4,,,1
B4,10,48,NS,3.7,6.2,,,1
B4,10,49,NS,3.3,5.2,,,1
B4,10,50,NS,1.7,4.2,,,1
B4,10,51,NS,,9.1,,,6
B4,10,52,NS,4.8,,,,14
B4,10,53,NS,3,5.2,,,1
B4,10,54,NS,2.5,4.4,,,1
B4,10,55,NS,2.7,6.2,,,1
B4,10,56,NS,1.8,3.8,,,1
B4,10,57,NS,2.7,4.7,,,1
B4,10,58,NS,2,4.4,,,1
B4,10,59,NS,1.9,3.3,,,1
B4,10,60,NS,2.4,7.1,,,1
B4,10,61,NS,4,6.6,,,1
B4,10,62,NS,3.3,6.6,,,1
B4,10,63,NS,2.8,5.9,,,1
B4,10,64,NS,2.1,5.3,,,1
B4,10,65,NS,,,,,6
B4,10,66,NS,2,4.7,,,1
B4,10,67,NS,3.4,5.6,,,1
B4,10,68,NS,2.2,4.2,,,1
B4,10,69,NS,2.5,4.1,,,1
B4,10,1550,NS,1.3,,,,14
B4,10,B1,NS,4.1,,,,14
B4,10,510,NS,,5.3,,,1
B4,10,511,NS,,5.2,,,1
B4,10,512,NS,,2.4,,,1
B4,10,513,NS,,6.7,,,1
B4,10,514,NS,,3.4,,,1
B4,10,515,NS,,2.9,,,1
B4,10,516,NS,,3.1,,,1
