Block,Plot,Tree,Spp.,DBH,Ht,HCB,CW1,CW2,Comments
B2,1,710,NS,6.1,,,,,
B2,1,729,NS,5.1,,,,,
B2,1,730,NS,7.2,,,,,
B2,1,750,WS,6,,,,,
B2,1,766,WS,8.6,,,,,
B2,1,751,NS,6.1,,,,,
B2,1,765,NS,6.3,,,,,BARELY ALIVE
B2,1,752,NS,2.6,,,,,
B2,1,7522,NS,2.3,,,,,DID NOT HAVE TAG
B2,1,784,NS,4.1,,,,,
B2,1,767,NS,8.4,,,,,
B2,1,785,NS,10.2,,,,,
B2,1,768,NS,9.5,,,,,
B2,1,764,WS,9,,,,,
B2,1,769,WS,7.4,,,,,
B2,1,782,NS,10.8,,,,,
B2,1,783,WS,6.4,,,,,
B2,1,786,WS,9.7,,,,,
B2,1,781,WS,11.2,,,,,
B2,1,770,NS,6.8,,,,,
B2,1,7702,NS,6.8,,,,,DID NOT HAVE TAG
B2,1,763,WS,7,,,,,
B2,1,716,WS,7.2,,,,,
B2,1,753,WS,6.5,,,,,
B2,1,754,NS,8.6,,,,,
B2,1,747,NS,6.5,,,,,
B2,1,7472,NS,5.2,,,,,
B2,1,745,WS,5.8,,,,,
B2,1,746,WS,9.1,,,,,
B2,1,734,NS,7.1,,,,,
B2,1,7342,NS,7.3,,,,,
B2,1,733,WS,6.6,,,,,
B2,1,732,NS,7.9,,,,,
B2,1,748,NS,6.3,,,,,
B2,1,713,NS,3.2,,,,,
B2,1,7132,NS,4.8,,,,,
B2,1,726,WS,3.2,,,,,
B2,1,727,NS,5.9,,,,,
B2,1,711,WS,5.2,,,,,
B2,1,709,NS,4.4,,,,,
B2,1,728,NS,5.7,,,,,
B2,1,712,NS,2.6,,,,,
B2,1,725,NS,8.5,,,,,
B2,1,714,WS,5.1,,,,,
B2,1,724,NS,6.8,,,,,
B2,1,723,WS,6.5,,,,,
B2,1,715,NS,12.1,,,,,
B2,1,736,NS,7.4,,,,,
B2,1,722,NS,7.7,,,,,
B2,1,725,WS,7.2,,,,,
B2,1,743,NS,7.9,,,,,
B2,1,737,WS,6.8,,,,,
B2,1,721,NS,11.1,,,,,
B2,1,742,NS,9,,,,,
B2,1,738,WS,7.9,,,,,
B2,1,756,WS,8.5,,,,,
B2,1,741,NS,8.7,,,,,
B2,1,760,NS,8.7,,,,,
B2,1,757,WS,8.8,,,,,
B2,1,761,WS,9.1,,,,,
B2,1,758,WS,6.9,,,,,
B2,1,772,WS,10.5,,,,,
B2,1,773,WS,6.3,,,,,
B2,1,759,NS,8.8,,,,,
B2,1,755,WS,6.9,,,,,
B2,1,774,WS,7.8,,,,,
B2,1,779,WS,9,,,,,
B2,1,762,NS,5.2,,,,,
B2,1,775,WS,6.1,,,,,
B2,1,780,NS,7.5,,,,,
B2,1,787,WS,7.9,,,,,
B2,1,771,NS,8.5,,,,,
B2,1,776,NS,8.5,,,,,
B2,1,788,NS,11.9,,,,,
B2,1,786,NS,8.8,,,,,
B2,1,777,NS,7.3,,,,,
B2,1,7772,NS,5.6,,,,,DID NOT HAVE TAG
B2,1,787,NS,7.9,,,,,
B2,1,789,WS,9.3,,,,,
B2,1,778,NS,10.2,,,,,
B2,1,791,WS,7.9,,,,,
B2,1,790,WS,9.7,,,,,
B2,2,801,NS,9.4,,,,,
B2,2,798,NS,5.6,,,,,
B2,2,797,NS,5.6,,,,,HARDLY ALIVE
B2,2,802,NS,7.6,,,,,
B2,2,807,NS,10.7,,,,,
B2,2,811,NS,8.6,,,,,
B2,2,823,NS,6.8,,,,,
B2,2,838,NS,7.4,,,,,
B2,2,850,NS,6,,,,,
B2,2,867,NS,6.7,,,,,
B2,2,868,NS,5.7,,,,,
B2,2,851,NS,8.7,,,,,
B2,2,839,NS,7.1,,,,,
B2,2,846,BF,3.9,,,,,SPECIES = BF
B2,2,839,NS,7.5,,,,,
B2,2,822,NS,8.7,,,,,
B2,2,812,NS,11.6,,,,,
B2,2,813,NS,7.1,,,,,
B2,2,806,NS,5.3,,,,,
B2,2,8062,NS,4.6,,,,,DID NOT HAVE TAG
B2,2,803,NS,7.1,,,,,
B2,2,796,NS,8.8,,,,,
B2,2,804,NS,4.9,,,,,
B2,2,795,NS,5.4,,,,,
B2,2,794,NS,6.5,,,,,
B2,2,793,NS,9.4,,,,,
B2,2,816,NS,9.4,,,,,
B2,2,805,NS,7.3,,,,,
B2,2,817,NS,4.9,,,,,
B2,2,8172,NS,5.3,,,,,DID NOT HAVE TAG
B2,2,814,NS,8.8,,,,,
B2,2,821,NS,8.1,,,,,
B2,2,841,NS,12.5,,,,,
B2,2,840,NS,5.9,,,,,
B2,2,861,NS,4.9,,,,,
B2,2,860,NS,3.5,,,,,
B2,2,847,NS,1.9,,,,,
B2,2,8472,NS,2.8,,,,,DID NOT HAVE TAG
B2,2,844,NS,5.8,,,,,
B2,2,835,NS,8.2,,,,,
B2,2,8352,NS,6.2,,,,,DID NOT HAVE TAG
B2,2,833,NS,10.5,,,,,
B2,2,832,NS,5.9,,,,,
B2,2,8322,NS,5.8,,,,,DID NOT HAVE TAG
B2,2,830,NS,7.3,,,,,
B2,2,829,NS,6.7,,,,,
B2,2,8292,NS,6.9,,,,,
B2,2,827,NS,6.7,,,,,
B2,2,8272,NS,9.4,,,,,DID NOT HAVE TAG
B2,2,826,NS,7.4,,,,,
B2,2,828,NS,8.9,,,,,
B2,2,831,NS,8.7,,,,,
B2,2,8312,NS,6.3,,,,,DID NOT HAVE TAG
B2,2,8313,NS,5.3,,,,,DID NOT HAVE TAG
B2,2,809,NS,6.7,,,,,
B2,2,810,NS,8.4,,,,,
B2,2,824,NS,6,,,,,DEAD
B2,2,825,NS,5.2,,,,,
B2,2,8252,NS,3.5,,,,,
B2,2,837,NS,9,,,,,
B2,2,836,NS,7.1,,,,,
B2,2,848,NS,11.8,,,,,
B2,2,864,NS,8.1,,,,,
B2,2,865,NS,8.2,,,,,
B2,2,866,NS,7.8,,,,,
B2,2,849,NS,7.4,,,,,
B2,2,837,NS,9,,,,,
B2,2,808,NS,7,,,,,
B2,2,8082,NS,5.8,,,,,DID NOT HAVE TAG
B2,2,845,NS,7.9,,,,,
B2,2,852,NS,6.6,,,,,
B2,2,869,NS,5.3,,,,,
B2,2,855,NS,3.3,,,,,
B2,2,856,NS,4.5,,,,,
B2,2,854,NS,8.9,,,,,
B2,2,853,NS,6.5,,,,,
B2,2,844,NS,10.2,,,,,
B2,2,843,NS,8.6,,,,,
B2,2,8432,NS,5.9,,,,,DID NOT HAVE TAG
B2,2,842,NS,10.3,,,,,
B2,2,820,NS,8.5,,,,,
B2,2,821,NS,8.1,,,,,
B2,2,819,NS,8,,,,,
B2,2,815,NS,3.9,,,,,
B2,2,818,NS,11.4,,,,,
B2,3,922,WS,7.2,5.04,72,,,
B2,3,921,WS,6.4,,,,,
B2,3,937,WS,8,,,,,
B2,3,916,BS,6.2,,,,,
B2,3,911,WS,5.9,,,,,
B2,3,917,WS,9.4,,,,,
B2,3,910,WS,8,,,,,
B2,3,907,BS,6.6,,,,,
B2,3,906,WS,6,,,,,
B2,3,898,WS,9.5,,,,,
B2,3,894,WS,5.6,,,,,
B2,3,897,BS,6.9,,,,,
B2,3,893,WS,3,,,,,
B2,3,896,WS,4,,,,,
B2,3,881,BF,4.7,,,,,BALSAM FIR
B2,3,880,BS,8.9,,,,,
B2,3,879,BS,6.5,,,,,SAME BASE AS 878
B2,3,878,BS,6.7,,,,,SAME BASE AS 879
B2,3,882,WS,6.8,,,,,
B2,3,874,WS,6.2,,,,,
B2,3,872,BS,8.2,,,,,SAME BASE AS 873
B2,3,873,BS,11.4,,,,,SAME BASE AS 872
B2,3,875,BS,10.4,,,,,
B2,3,876,BS,9.5,,,,,
B2,3,877,BS,5.9,,,,,
B2,3,895,WS,11,,,,,
B2,3,906,WS,10.2,,,,,
B2,3,909,BS,7.3,,,,,
B2,3,918,WS,6.1,4.25,41,,,
B2,3,919,WS,6.9,,,,,
B2,3,933,BS,6.6,,,,,LEANING
B2,3,934,BS,9.3,,,,,
B2,3,920,BS,7.8,,,,,
B2,3,936,WS,6.5,,,,,
B2,3,927,BS,6,,,,,
B2,3,928,WS,7.2,,,,,
B2,3,925,WS,4.3,,,,,
B2,3,927,BS,6.6,,,,,
B2,3,926,WS,0.8,,,,,
B2,3,913,BS,8.1,,,,,
B2,3,914,WS,4.2,,,,,
B2,3,901,BS,8.3,,,,,
B2,3,903,WS,5.5,,,,,
B2,3,889,WS,4,,,,,
B2,3,902,BS,7.7,,,,,
B2,3,890,BF,1.5,,,,,BALSAM FIR
B2,3,888,WS,4.4,,,,,
B2,3,886,BS,9,5.68,6,,,
B2,3,887,BS,9,,,,,
B2,3,857,WS,7.9,,,,,
B2,3,858,WS,4.9,,,,,
B2,3,859,WS,5.7,,,,,
B2,3,885,BS,10.3,,,,,
B2,3,870,BS,7.7,,,,,
B2,3,871,BS,7,,,,,
B2,3,891,WS,5.2,,,,,
B2,3,883,BF,1.5,,,,,BALSAM FIR
B2,3,900,BS,9,,,,,
B2,3,884,WS,2.6,2.43,0.22,,,
B2,3,894,BS,3.2,,,,,
B2,3,904,WS,7.3,,,,,
B2,3,899,BF,4.3,,,,,BALSAM FIR
B2,3,924,BS,5.7,,,,,
B2,3,905,BS,7.9,,,,,
B2,3,923,WS,5.8,,,,,
B2,3,930,BS,8.3,,,,,
B2,3,931,WS,4,,,,,
B2,3,932,WS,6.6,,,,,
B2,4,987,WS,6.6,,,,,
B2,4,988,RS,6.8,,,,,
B2,4,986,RS,6,,,,,
B2,4,985,WS,9.2,,,,,
B2,4,973,WS,9.7,,,,,
B2,4,974,RS,5.1,,,,,
B2,4,972,RS,3,,,,,
B2,4,961,WS,9.6,,,,,
B2,4,962,RS,6.5,,,,,
B2,4,960,RS,DBH HT,,,,,
B2,4,959,WS,8.7,,,,,
B2,4,948,WS,9.5,,,,,
B2,4,947,RS,5.6,,,,,
B2,4,949,RS,6.4,,,,,
B2,4,938,WS,10.1,,,,,
B2,4,946,WS,11.2,,,,,
B2,4,939,WS,5.9,,,,,
B2,4,950,RS,5,,,,,UPROOT AND ALIVE
B2,4,945,WS,11.8,,,,,
B2,4,958,RS,7.5,,,,,
B2,4,951,RS,3.5,,,,,
B2,4,963,WS,9,,,,,
B2,4,964,WS,3.2,,,,,
B2,4,971,WS,8.2,,,,,
B2,4,975,WS,6.3,,,,,
B2,4,976,RS,3.3,,,,,SAME BASE AS 977
B2,4,977,RS,5.7,,,,,SAME BASE AS 976
B2,4,984,RS,3,,,,,
B2,4,990,WS,3.9,,,,,
B2,4,989,WS,7.2,,,,,
B2,4,983,RS,5.9,,,,,
B2,4,982,WS,8.3,,,,,
B2,4,978,WS,7.3,,,,,
B2,4,979,RS,5.4,,,,,
B2,4,970,WS,9,,,,,
B2,4,957,RS,3.1,,,,,
B2,4,966,RS,3.1,,,,,
B2,4,952,WS,9,,,,,
B2,4,965,WS,7.3,,,,,
B2,4,956,WS,9.5,,,,,
B2,4,944,WS,8.4,,,,,
B2,4,941,RS,1.5,,,,,
B2,4,940,WS,6.5,,,,,
B2,4,942,WS,4.2,,,,,
B2,4,953,WS,9.7,,,,,
B2,4,954,WS,8.5,,,,,
B2,4,955,RS,2.9,,,,,
B2,4,967,WS,5.6,,,,,
B2,4,969,RS,4.2,,,,,NICE CHRISTMAS SHAPE
B2,4,980,WS,5.9,,,,,
B2,4,824-1,RS,3,,,,,LEANING
B2,4,981,RS,4.5,,,,,
B2,4,968,WS,1.8,,,,,
B2,4,1051,RS,0.9,,,,,
B2,4,1035,WS,7.3,,,,,
B2,4,1034,RS,4.1,,,,,
B2,4,1011,WS,8,6.16,2.1,,,
B2,4,1010,WS,5.9,,,,,
B2,5,1006,WS,7.6,,,,,
B2,5,1034,WS,4.2,,,,,
B2,5,1013,WS,6,,,,,
B2,5,WS2,WS,,,,,,
B2,5,1033,WS,3.3,,,,,
B2,5,1028,WS,2.1,,,,,
B2,5,1036,WS,0.8,,,,,
B2,5,1020,WS,7.2,,,,,
B2,5,1027,WS,4.3,,,,,
B2,5,1034,WS,4.3,,,,,
B2,5,1037,WS,7.1,,,,,
B2,5,1021,WS,8.9,,,,,
B2,5,1015,WS,9,,,,,
B2,5,1035,WS,7.6,,,,,
B2,5,1022,WS,6.7,,,,,
B2,5,1048,WS,6.9,,,,,
B2,5,1050,WS,4.9,,,,,
B2,5,1053,WS,6.2,,,,,
B2,5,1023,WS,2.1,,,,,
B2,5,WS3,WS,1.3,,,,,
B2,5,1066,WS,5.4,,,,,
B2,5,WS4,WS,,<1.3,,,,
B2,5,1052,WS,3.8,,,,,
B2,5,1067,WS,8.2,,,,,
B2,5,1051,WS,1,,,,,
B2,5,981,WS,3.7,,,,,
B2,5,1022,WS,6.7,,,,,
B2,5,WS5,WS,5.3,,,,,
B2,5,968,WS,2.1,,,,,
B2,5,1022,WS,6.7,,,,,
B2,5,954,WS,8.9,,,,,
B2,5,1024,WS,9.2,,,,,
B2,5,967,WS,5.6,,,,,
B2,5,1039,WS,5.9,,,,,
B2,5,994,WS,6.8,,,,,
B2,5,996,WS,5.5,,,,,
B2,5,1000,WS,5.9,,,,,
B2,5,993,WS,4,,,,,
B2,5,992,WS,4.4,,,,,
B2,5,999,WS,10.3,,,,,
B2,5,998,WS,8.5,,,,,
B2,5,1008,WS,7.2,,,,,
B2,5,1003,WS,5.8,,,,,
B2,5,997,WS,5.4,,,,,
B2,5,1009,WS,7.3,,,,,
B2,5,1002,WS,4.3,,,,,
B2,5,1005,WS,4.7,,,,,
B2,5,1007,WS,6.2,,,,,
B2,5,1001,WS,6.8,,,,,
B2,5,1004,WS,7.8,,,,,
B2,5,1006,WS,7.6,,,,,
B2,5,1021,WS,8.9,,,,,
B2,5,1012,WS,4.1,,,,,
B2,5,1017,WS,8,,,,,
B2,5,1015,WS,9,,,,,
B2,5,1020,WS,7,,,,,
B2,5,1018,WS,6.3,,,,,
B2,5,1033,WS,3.2,,,,,
B2,5,1014,WS,5.9,,,,,
B2,5,1025,WS,9.1,,,,,
B2,5,1019,WS,4.9,,,,,
B2,5,1010,WS,6.2,,,,,
B2,5,1030,WS,5.8,,,,,
B2,5,1011,WS,8.3,,,,,
B2,5,1026,WS,4.1,,,,,
B2,5,WS1,WS,1,,,,,
B2,5,1032,WS,4.5,,,,,
B2,5,1016,WS,2.1,,,,,
B2,5,1041,WS,9.9,,,,,
B2,5,1040,WS,9.7,,,,,
B2,5,1054,WS,2.2,,,,,
B2,5,1045,WS,6.1,,,,,
B2,5,1044,WS,9.7,,,,,
B2,5,1068,WS,6.4,,,,,
B2,5,1064,WS,3.2,,,,,
B2,5,1043,WS,5,,,,,
B2,5,1046,WS,4.5,,,,,
B2,5,1066,WS,5.7,,,,,
B2,5,1063,WS,6.3,,,,,
B2,5,1041,WS,9.9,,,,,
B2,5,1042,WS,6.5,,,,,
B2,5,1069,WS,7.7,,,,,
B2,5,1038,WS,6.5,,,,,
B2,5,1060,WS,6.4,,,,,
B2,5,1047,WS,4.6,,,,,
B2,5,1062,WS,3.2,,,,,
B2,5,1059,WS,5.1,4.27,40,,,
B2,5,1070,WS,11.3,,,,,
B2,5,1058,WS,4.7,,,,,
B2,5,1054,WS,2.4,,,,,
B2,5,1073,WS,10.6,,,,,
B2,5,1061,WS,3.3,,,,,
B2,5,1071,WS,6,,,,,
B2,5,1074,WS,7.3,,,,,
B2,5,1075,WS,6,,,,,
B2,5,1055,WS,7.9,,,,,
B2,5,1076,WS,1.8,,,,,
B2,5,1056,WS,1.5,,,,,
B2,5,1072,WS,0.7,,,,,
B2,5,1057,WS,7.5,,,,,
B2,5,1051,WS,1,,,,,
B2,6,1145,RS,,,,,,BELOW DBH
B2,6,1143,NS,8.1,,,,,
B2,6,1137,RS,6.1,,,,,
B2,6,1131,BS,7,,,,,LIKELY BLACK SPRUCE
B2,6,1136,NS,9.9,,,,,
B2,6,1129,NS,8.3,,,,,
B2,6,1111,NS,7,,,,,
B2,6,1126,RS,3.9,,,,,
B2,6,1103,BS,8.4,,,,,LIKELY BLACK SPRUCE
B2,6,1130,NS,6,,,,,
B2,6,1122,RS,4.8,,,,,SAME BASE AS 1121
B2,6,1121,RS,4.9,,,,,SAME BASE AS 1122
B2,6,1105,RS,6.2,,,,,
B2,6,1119,RS,8.3,,,,,
B2,6,1109,NS,8.5,,,,,
B2,6,1120,RS,6.3,,,,,
B2,6,1128,NS,7.3,,,,,
B2,6,1127,NS,9.5,,,,,
B2,6,1125,NS,10.8,,,,,
B2,6,1124,RS,2.3,,,,,
B2,6,1123,NS,10.1,,,,,
B2,6,1108,RS,6.1,,,,,
B2,6,1107,RS,2.8,,,,,
B2,6,1106,NS,9.3,,,,,
B2,6,1089,NS,5.8,,,,,
B2,6,1090,RS,3.1,,,,,
B2,6,1091,RS,5,,,,,
B2,6,1087,NS,8.7,,,,,
B2,6,1086,NS,3.2,,,,,
B2,6,1088,RS,4.5,,,,,
B2,6,1147,NS,7.5,,,,,SAME BASE AS 1146
B2,6,1146,NS,5.8,,,,,SAME BASE AS 1147
B2,6,1084,NS,4.1,,,,,SAME BASE AS 1085
B2,6,1085,NS,3,,,,,SAME BASE AS 1084
B2,6,1213,NS,5.8,,,,,SAME BASE AS 1085
B2,6,1141,RS,8.2,,,,,
B2,6,1142,NS,11.1,,,,,
B2,6,1138,RS,12,,,,,
B2,6,1140,NS,8.6,,,,,
B2,6,1139,RS,3.6,,,,,
B2,6,1114,NS,6.1,4.53,17,,,SAME BASE AS 1115
B2,6,1115,NS,5,,,,,SAME BASE AS 1114
B2,6,1116,NS,9.5,,,,,
B2,6,1113,BS,11.2,,,,,PROBABLY BS
B2,6,1099,NS,7.6,,,,,SAME BASE AS 1100
B2,6,1100,NS,6.3,,,,,SAME BASE AS 1099
B2,6,1112,NS,10.4,,,,,
B2,6,1098,NS,12,5.64,32,,,
B2,6,1101,BS,1.9,,,,,SAME BASE AS 1102; LOOKS LIKE BOTH BS
B2,6,1102,BS,0.5,,,,,SAME BASE AS 1101; LOOKS LIKE BOTH BS
B2,6,1077,RS,5.8,,,,,
B2,6,1079,NS,6.8,,,,,SAME BASE AS 1078
B2,6,1078,NS,8.4,,,,,SAME BASE AS 1079
B2,6,1095,NS,7.3,,,,,SAME BASE AS 1094
B2,6,1094,NS,5.3,,,,,SAME BASE AS 1095
B2,6,1096,NS,7.8,,,,,
B2,6,1080,RS,5,,,,,
B2,6,1081,NS,6.8,,,,,
B2,6,1093,NS,8,,,,,
B2,6,1083,NS,7.5,,,,,
B2,6,1110,RS,8.2,5.34,28,,,
B2,6,1104,NS,7.7,,,,,
B2,6,1117,NS,6.5,,,,,SAME BASE AS 1118
B2,6,1118,NS,5.6,,,,,SAME BASE AS 1117
B2,6,1138,RS,0.4,,,,,
B2,6,1133,NS,7.9,,,,,
B2,6,1135,RS,11.3,,,,,
B2,6,1132,RS,6.6,,,,,
B2,6,1144,NS,4.9,,,,,
B2,7,1200,NS,7.7,,,,,
B2,7,1208,BS,8.3,,,,,
B2,7,1209,NS,5.9,,,,,
B2,7,1476,NS,6.6,,,,,MAYBE NEXT PLOT TREE
B2,7,1207,BS,3.6,,,,,
B2,7,1210,BS,6.8,,,,,
B2,7,1198,NS,6.3,,,,,
B2,7,1478,NS,6.6,,,,,
B2,7,1189,NS,7.3,,,,,
B2,7,1212,NS,9.2,,,,,
B2,7,1180,BS,4.7,,,,,
B2,7,1211,NS,7.5,,,,,
B2,7,1170,NS,6.5,,,,,FROM SAME STEM 1171
B2,7,1171,NS,4.1,,,,,FROM SAME STEM 1170
B2,7,1169,NS,6.5,,,,,FROM SAME STEM 1171
B2,7,1197,BS,8.5,,,,,
B2,7,1191,NS,4.1,,,,,FROM SAME STEM AS 1190
B2,7,1190,NS,4.5,,,,,FROM SAME STEM AS 1191
B2,7,1154,BS,4.6,,,,,
B2,7,1179,BS,7.8,,,,,
B2,7,1149,BS,10.8,,,,,
B2,7,1153,BS,8.9,,,,,
B2,7,1150,BS,8.4,,,,,
B2,7,1172,NS,8.5,,,,,
B2,7,1151,NS,9.8,,,,,
B2,7,1177,BS,8.7,,,,,
B2,7,1174,BS,7.5,,,,,SAME BASE AS 1173
B2,7,1173,BS,6.4,,,,,SAME BASE AS 1174
B2,7,1175,BS,7.3,,,,,SAME BASE AS 1173
B2,7,1178,BS,11.1,,,,,
B2,7,1192,BS,9.3,,,,,
B2,7,1167,NS,8.4,,,,,
B2,7,1178,,11.3,,,,,
B2,7,1193,NS,10.5,,,,,
B2,7,1128,NS,7.5,,,,,
B2,7,1127,NS,9.4,,,,,
B2,7,1475,NS,12.3,,,,,MAYBE NEXT PLOT
B2,7,1204,BS,9.4,,,,,
B2,7,1203,BS,9.4,6.32,13,,,
B2,7,1201,,10,,,,,
B2,7,1206,NS,6,,,,,SAME BASE AS 1205
B2,7,1205,NS,6.4,,,,,SAME BASE AS 1206
B2,7,1202,NS,10.2,,,,,
B2,7,1183,BS,9.7,,,,,
B2,7,1184,BS,10.9,,,,,
B2,7,1185,NS,6.8,,,,,
B2,7,1161,BS,8.5,,,,,
B2,7,1162,NS,10.2,,,,,
B2,7,1160,NS,6.3,,,,,
B2,7,1159,NS,9.1,,,,,
B2,7,1148,BS,10,,,,,
B2,7,1158,BS,10.9,,,,,
B2,7,1147,NS,7.3,,,,,SAME BASE AS 1146 MAY BE NEXT PLOT
B2,7,1146,NS,5.9,,,,,SAME BASE AS 1147 MAY BE NEXT PLOT
B2,7,1157,BS,10.1,,,,,
B2,7,1156,NS,5.1,,,,,SAME BASE AS 1155
B2,7,1155,NS,4.3,,,,,SAME BASE AS 1156
B2,7,1164,NS,1,,,,,SAME BASE AS 1163
B2,7,1163,NS,1.5,,,,,SAME BASE AS 1164
B2,7,1167,NS,1.4,,,,,SAME BASE AS 1166
B2,7,1166,NS,2.4,,,,,SAME BASE AS 1167
B2,7,1165,NS,1.1,,,,,SAME BASE AS 1166
B2,7,1168,BS,9.7,,,,,
B2,7,1182,BS,11.5,,,,,
B2,7,1181,NS,3.5,,,,,
B2,7,1186,NS,9.2,,,,,
B2,7,1199,NS,5,,,,,
B2,7,1188,BS,3.9,,,,,
B2,7,1194,BS,10.7,,,,,
B2,7,1214,BS,8.6,,,,,
B2,7,1215,NS,9.5,,,,,
B2,8,1239,BS,8.9,,,,,
B2,8,1250,BS,1.6,,,,,
B2,8,1251,BS,2.2,,,,,
B2,8,1256,BS,4.4,,,,,
B2,8,1255,BS,0.4,,,,,
B2,8,1254,BS,2.1,,,,,
B2,8,1252,BS,4.7,,,,,
B2,8,1238,BS,3.7,,,,,
B2,8,1269,BS,8.4,,,,,
B2,8,1253,BS,3,,,,,
B2,8,1235,BS,10.4,,,,,
B2,8,1268,BS,1.8,,,,,
B2,8,1271,BS,8.1,,,,,
B2,8,1282,BS,7.9,,,,,
B2,8,1281,BS,1.2,,,,,
B2,8,1298,BS,9.5,,,,,
B2,8,1299,BS,11.1,,,,,
B2,8,1300,BS,8.2,,,,,
B2,8,1283,BS,7.5,,,,,
B2,8,1284,BS,5,,,,,
B2,8,1285,BS,6.1,,,,,
B2,8,1279,BS,4.5,,,,,
B2,8,1286,BS,4.3,,,,,
B2,8,1287,BS,8.9,,,,,
B2,8,1288,BS,2,,,,,
B2,8,1289,BS,1.9,,,,,
B2,8,1290,BS,4.2,,,,,
B2,8,1291,BS,9.8,,,,,
B2,8,1278,BS,4.6,,,,,
B2,8,1272,BS,8.6,,,,,
B2,8,1267,BS,9,,,,,
B2,8,1243,BS,6.8,,,,,
B2,8,1260,BS,7.8,,,,,
B2,8,1221,BS,9.5,,,,,
B2,8,1302,BS,9.3,,,,,
B2,8,1301,BS,10.4,,,,,
B2,8,1280,BS,8.6,,,,,
B2,8,1270,BS,10.6,,,,,
B2,8,1234,BS,7.4,,,,,
B2,8,1303,BS,1.3,,,,,
B2,8,1233,BS,8.5,,,,,
B2,8,1236,BS,2.5,,,,,
B2,8,1237,BS,5.4,,,,,
B2,8,935,BS,1.5,,,,,
B2,8,1232,BS,2.2,2.7,34,,,
B2,8,1231,BS,3.3,,,,,
B2,8,1227,BS,9,,,,,
B2,8,1240,BS,2.2,,,,,
B2,8,1241,BS,3.1,,,,,
B2,8,1242,BS,4.3,,,,,
B2,8,1226,BS,3.7,,,,,
B2,8,1225,BS,4.3,,,,,
B2,8,1222,BS,2.4,,,,,
B2,8,1223,BS,1,,,,,
B2,8,1224,BS,4.2,,,,,
B2,8,1228,BS,3.2,,,,,
B2,8,1229,BS,1.7,,,,,
B2,8,1230,BS,0.9,,,,,
B2,8,1244,BS,3.8,,,,,
B2,8,1258,BS,4.4,,,,,
B2,8,1246,BS,2.1,,,,,
B2,8,1245,BS,1.9,,,,,
B2,8,1248,BS,3.2,,,,,
B2,8,1259,BS,0.7,,,,,
B2,8,1257,BS,6.1,,,,,
B2,8,1249,BS,1.3,,,,,
B2,8,1247,BS,2.6,,,,,
B2,8,1261,BS,1.8,,,,,
B2,8,1220,BS,8.7,,,,,
B2,8,1262,BS,6.2,,,,,LEANING
B2,8,1263,BS,7.4,,,,,UPROOTED BUT ALIVE
B2,8,1264,BS,8.5,,,,,
B2,8,1265,BS,7,,,,,
B2,8,1219,BS,6.1,,,,,
B2,8,1275,BS,4.8,,,,,
B2,8,1276,BS,7,,,,,
B2,8,1274,BS,2.5,,,,,
B2,8,1273,BS,3.6,,,,,
B2,8,1266,BS,9.7,,,,,
B2,8,1277,BS,7.2,,,,,
B2,8,1278,BS,4.5,,,,,
B2,8,1297,BS,8.1,,,,,
B2,8,1294,BS,10.7,,,,,
B2,8,1295,BS,5.8,,,,,
B2,8,1293,BS,2.5,,,,,
B2,8,1292,BS,6.1,,,,,
B2,8,1216,BS,3.5,,,,,
B2,8,1217,BS,2.2,,,,,
B2,8,1218,BS,2.1,,,,,
B2,9,1340,RS,6.2,,,,,
B2,9,1339,RS,1,,,,,DEAD
B2,9,1338,RS,1.8,,,,,DEAD
B2,9,1329,RS,,,,,,BELOW DBH
B2,9,1328,RS,,,,,,BELOW DBH
B2,9,1327,RS,,,,,,BELOW DBH
B2,9,1312,RS,3.1,,,,,
B2,9,1311,RS,3.2,,,,,
B2,9,1313,RS,2.4,,,,,
B2,9,1309,RS,,,,,,BELOW DBH
B2,9,1308,RS,4.1,,,,,
B2,9,1314,RS,4.8,,,,,
B2,9,1330,RS,4,,,,,LEANING
B2,9,1337,RS,6.9,,,,,
B2,9,1341,RS,4.2,,,,,
B2,9,1342,RS,4.3,,,,,
B2,9,1331,RS,2.7,,,,,
B2,9,1326,RS,3.5,,,,,
B2,9,1325,RS,5.3,,,,,
B2,9,1336,RS,4.1,,,,,
B2,9,1343,RS,0.7,,,,,
B2,9,1335,RS,0.8,,,,,
B2,9,1332,RS,1.4,,,,,
B2,9,1324,RS,,,,,,BELOW DBH
B2,9,1317,RS,6.7,,,,,
B2,9,1318,RS,5.1,,,,,
B2,9,1316,RS,6.2,,,,,
B2,9,1315,RS,4.6,,,,,
B2,9,1307,RS,3.8,,,,,
B2,9,1308,RS,4.4,,,,,
B2,9,1319,RS,4.4,,,,,
B2,9,1320,RS,3.1,,,,,
B2,9,1322,RS,3,,,,,
B2,9,1321,RS,6.1,,,,,
B2,9,1305,RS,1.1,,,,,
B2,9,1304,RS,1.1,,,,,
B2,9,1333,RS,9.3,,,,,APPEARS TO BE WS
B2,9,1334,RS,5,,,,,
B2,10,1398,RS,4,,,,,
B2,10,1399,BS,7,,,,,SAME POINT
B2,10,1400,BS,6.5,,,,,SAME POINT
B2,10,1382,RS,5.1,,,,,
B2,10,1383,BS,5.2,,,,,SAME POINT
B2,10,1384,BS,8.3,,,,,SAME POINT
B2,10,1381,BS,8.5,,,,,
B2,10,1380,RS,6.4,,,,,
B2,10,1379,BS,11.3,,,,,
B2,10,1365,RS,4.4,,,,,
B2,10,1366,RS,4.6,,,,,AT SAME POINT AS 1377
B2,10,1363,BS,1.9,,,,,
B2,10,1367,RS,4.6,,,,,AT SAME POINT AS 1366 & 1377
B2,10,1361,BS,6.2,,,,,
B2,10,1310,RS,5.1,,,,,
B2,10,1360,RS,6.6,,,,,
B2,10,1345,RS,4.6,,,,,SAME POINT
B2,10,1346,RS,4.7,,,,,SAME POINT
B2,10,1344,BS,9.7,,,,,
B2,10,1358,BS,11,,,,,
B2,10,1347,RS,5.6,,,,,
B2,10,1359,RS,6.4,,,,,
B2,10,1355,BS,10.5,,,,,
B2,10,1368,BS,8.3,,,,,
B2,10,1356,RS,,,,,,BELOW DBH
B2,10,1378,RS,5.9,,,,,
B2,10,1357,RS,3.2,,,,,1356 & 1357 AT SAME POINT
B2,10,1385,RS,0.2,,,,,
B2,10,1377,BS,4.9,,,,,
B2,10,1397,BS,8.4,,,,,
B2,10,1401,RS,1.7,,,,,
B2,10,1387,RS,4.8,,,,,
B2,10,1395,BS,6.3,,,,,
B2,10,1403,RS,7.3,,,,,
B2,10,1655,BS,9.3,,,,,SAME POINT
B2,10,1656,BS,9.2,,,,,SAME POINT
B2,10,1402,BS,9.7,,,,,
B2,10,1404,BS,7.8,,,,,
B2,10,1405,BS,9.2,,,,,
B2,10,1406,BS,,,,,,BELOW DBH
B2,10,1394,RS,8.5,,,,,
B2,10,1393,RS,3.2,,,,,
B2,10,1389,BS,6.4,,,,,
B2,10,1388,RS,4,,,,,
B2,10,1375,BS,8.3,,,,,SAME BASE
B2,10,1374,BS,7.8,,,,,SAME BASE
B2,10,1376,BS,5,,,,,
B2,10,1369,RS,3.4,,,,,
B2,10,1352,BS,10.9,,,,,
B2,10,1354,RS,7.4,,,,,
B2,10,1351,RS,6,,,,,
B2,10,1353,BS,9.5,,,,,
B2,10,1348,BS,10.7,,,,,
B2,10,1349,RS,4.2,,,,,
B2,10,1350,BS,6.8,,,,,
B2,10,1371,BS,8,,,,,
B2,10,1370,BS,9.7,,,,,
B2,10,1372,BS,10.9,,,,,
B2,10,1373,RS,1.3,,,,,
B2,10,1391,BS,7.3,,,,,
B2,10,1392,RS,4.8,,,,,
B2,10,1390,BS,6.8,,,,,
B2,10,1408,BS,12.2,,,,,
B2,10,1409,BS,9.8,,,,,
B3,1,1429,WS,10.3,,,,,
B3,1,1446,WS,7.2,,,,,
B3,1,1421,WS,5.1,,,,,
B3,1,1445,WS,5.3,,,,,
B3,1,1419,WS,8.4,,,,,
B3,1,1413,WS,8.5,,,,,
B3,1,1414,WS,,,,,,SHORTER THAN DBH
B3,1,1447,WS,6.4,,,,,
B3,1,1415,WS,9.3,,,,,
B3,1,1437,WS,11,,,,,
B3,1,1420,WS,7.6,,,,,
B3,1,1418,WS,10.7,,,,,
B3,1,1454,WS,10.6,,,,,
B3,1,1436,WS,7.4,4.65,85,,,
B3,1,1465,WS,11.4,,,,,
B3,1,1416,WS,8.5,,,,,
B3,1,1417,WS,8.1,,,,,
B3,1,1431,WS,2,,,,,
B3,1,1432,WS,5.2,,,,,
B3,1,1430,WS,5.8,,,,,
B3,1,1434,WS,2.8,,,,,
B3,1,1435,WS,9.5,,,,,
B3,1,1433,WS,10.7,,,,,
B3,1,1468,WS,7,,,,,
B3,1,1448,WS,8.2,,,,,
B3,1,1449,WS,7.8,,,,,
B3,1,1453,WS,5.2,,,,,
B3,1,1466,WS,10.5,,,,,
B3,1,1451,WS,9.5,,,,,
B3,1,1450,WS,8.4,,,,,
B3,1,1452,WS,2.1,,,,,
B3,1,1467,WS,4,,,,,
B3,1,1746,WS,8.6,,,,,CORNER TREE
B3,1,1474,NS,9.2,,,,,"NOT IN PLOT, [SP=r BUT NOT TAGGED?"
B3,1,1460,WS,8.4,,,,,
B3,1,1473,WS,6.4,,,,,
B3,1,1472,WS,10,,,,,
B3,1,1410,WS,8.6,,,,,
B3,1,1461,WS,5.9,,,,,
B3,1,1471,WS,8.9,,,,,
B3,1,1470,WS,5.9,5.23,58,,,
B3,1,1411,WS,8.3,,,,,
B3,1,1460,WS,8.5,,,,,
B3,1,1459,WS,1.7,,,,,
B3,1,1425,WS,8.2,,,,,
B3,1,1469,WS,9,,,,,
B3,1,1458,WS,6.6,,,,,
B3,1,1424,WS,9.2,6.63,114,,,
B3,1,1441,WS,6.3,,,,,
B3,1,1463,WS,11.3,,,,,
B3,1,1426,WS,6.8,,,,,
B3,1,1443,WS,8.2,,,,,
B3,1,1442,WS,5.3,,,,,
B3,1,1462,WS,5.5,,,,,
B3,1,1447,WS,10.9,,,,,
B3,1,1440,WS,4.5,,,,,
B3,1,1456,WS,8.6,,,,,
B3,1,1412,WS,11.9,,,,,
B3,1,1457,WS,2.4,,,,,
B3,1,1439,WS,7.6,,,,,
B3,1,1423,WS,9.5,,,,,
B3,1,1444,WS,2.6,,,,,
B3,1,1464,WS,6.5,,,,,
B3,1,1422,WS,8.4,,,,,
B3,1,1428,WS,7.8,,,,,
B3,1,1438,WS,10.3,,,,,
B3,1,1455,WS,6.5,5.16,61,,,
B3,2,1538,BS,10,,,,,
B3,2,1522,BS,1.5,,,,,
B3,2,1537,BS,8.1,,,,,
B3,2,1511,RS,4.3,,,,,
B3,2,1524,RS,5.7,,,,,
B3,2,1536,RS,9.2,,,,,
B3,2,1510,BS,8.4,,,,,
B3,2,1523,BS,4,,,,,
B3,2,1487,RS,8,,,,,
B3,2,1525,RS,9.1,,,,,
B3,2,1521,RS,3.9,,,,,
B3,2,1488,BS,5.9,,,,,
B3,2,1520,BS,3.9,,,,,
B3,2,1486,RS,8.3,,,,,
B3,2,1512,RS,5.5,,,,,
B3,2,1489,RS,6.3,,,,,
B3,2,1485,BS,6.5,,,,,
B3,2,1514,RS,3.8,,,,,
B3,2,1513,RS,2.8,,,,,
B3,2,1509,BS,3.7,,,,,
B3,2,1491,RS,,,,,,SHORTER THAN DBH
B3,2,1490,BS,5.9,,,,,
B3,2,1508,BS,2.1,,,,,
B3,2,1507,RS,3.9,,,,,
B3,2,1506,BS,7.5,,,,,
B3,2,1515,BS,5.3,,,,,
B3,2,1484,BS,8.5,,,,,
B3,2,1505,RS,6.7,,,,,
B3,2,1501,RS,4.5,,,,,
B3,2,1534,BS,6,,,,,
B3,2,1483,BS,3,,,,,
B3,2,1499,BS,8,,,,,
B3,2,1479,RS,3.5,,,,,
B3,2,1480,BS,3.7,,,,,A NOTE ABOUT 1539 ON THE BOTTOM OF THE DATA SHEET
B3,2,1492,BS,3.4,,,,,
B3,2,1494,BS,5.3,,,,,
B3,2,1495,BS,3.1,,,,,
B3,2,1493,BS,3.1,,,,,
B3,2,1482,BS,8.4,,,,,
B3,2,1496,BS,2.2,,,,,
B3,2,1497,BS,1.1,,,,,
B3,2,1481,BS,5.1,,,,,
B3,2,1526,BS,,,,,,BELOW DBH
B3,2,1527,BS,,,,,,BELOW DBH
B3,2,1528,BS,2.5,,,,,
B3,2,1503,RS,4.9,,,,,
B3,2,1504,RS,3,,,,,
B3,2,1529,BS,2.6,,,,,
B3,2,1517,RS,4.3,,,,,
B3,2,1498,BS,1.9,,,,,
B3,2,1530,BS,1.8,,,,,
B3,2,1502,RS,4.6,,,,,
B3,2,1531,BS,2.5,,,,,
B3,2,1516,RS,4.5,,,,,
B3,2,1519,RS,10.6,,,,,
B3,2,1523,BS,7,,,,,
B3,2,1533,BS,9.7,,,,,
B3,2,1518,RS,3.3,,,,,
B3,2,1540,BS,8.8,,,,,
B3,2,1535,RS,6.1,,,,,
B3,3,1551,BS,6.8,,,,,
B3,3,1600,BS,3.6,3.42,32,,,
B3,3,1598,BS,7.1,,,,,
B3,3,1549,BS,5.3,,,,,
B3,3,1599,BS,7.1,,,,,
B3,3,1601,BS,7.5,,,,,
B3,3,1552,BS,4,,,,,
B3,3,1597,BS,6.7,,,,,
B3,3,1596,BS,2,,,,,
B3,3,1574,BS,9,,,,,
B3,3,1595,BS,8.5,,,,,
B3,3,1602,BS,3.8,,,,,
B3,3,1584,BS,8.9,,,,,
B3,3,1603,BS,4.6,,,,,
B3,3,1586,BS,9.6,,,,,WITH 1587
B3,3,1587,BS,7.6,,,,,WITH 1586
B3,3,1554,BS,3.8,,,,,
B3,3,1585,BS,7.9,,,,,
B3,3,1604,BS,6.8,,,,,
B3,3,1583,BS,7.7,,,,,
B3,3,1582,BS,11.4,,,,,
B3,3,1594,BS,9.9,,,,,
B3,3,1573,BS,8.3,,,,,
B3,3,1575,BS,7.2,,,,,
B3,3,1589,BS,8.2,,,,,
B3,3,1588,BS,9.7,,,,,
B3,3,1563,BS,6.8,,,,,
B3,3,1581,BS,7.9,,,,,WITH 1580
B3,3,1580,BS,3.1,,,,,WITH 1581
B3,3,1576,BS,9.1,,,,,
B3,3,1605,BS,7.2,,,,,
B3,3,1555,BS,6.4,,,,,
B3,3,1579,BS,4.1,,,,,
B3,3,1593,BS,9.3,,,,,
B3,3,1573,BS,8.3,,,,,
B3,3,1577,BS,5.3,,,,,
B3,3,1542,BS,4.6,,,,,
B3,3,1590,BS,6,,,,,
B3,3,1571,BS,9,,,,,
B3,3,1548,BS,6.8,,,,,
B3,3,1572,BS,9.7,,,,,
B3,3,1592,BS,1.5,,,,,DEAD
B3,3,1547,BS,10.2,,,,,
B3,3,1564,BS,5.4,,,,,
B3,3,1543,BS,9,,,,,
B3,3,1570,BS,10.3,,,,,
B3,3,1591,BS,10.3,,,,,
B3,3,1556,BS,5.9,5.21,18,,,
B3,3,1578,BS,4.2,,,,,
B3,3,1546,BS,8.4,,,,,
B3,3,1569,BS,6.3,,,,,
B3,3,1566,BS,9.7,,,,,
B3,3,1565,BS,9.7,,,,,
B3,3,1545,BS,6.9,,,,,
B3,3,1560,BS,2.6,,,,,
B3,3,1568,BS,8.2,,,,,
B3,3,1544,BS,9.2,,,,,
B3,3,1562,BS,5.6,,,,,
B3,3,1557,BS,8.4,,,,,
B3,3,1559,BS,9,,,,,
B3,3,1558,BS,7.7,,,,,
B3,3,1561,BS,9.1,5.69,12,,,
B3,3,1567,BS,4.5,,,,,
B3,3,1888,BS,7.8,,,,,
B3,3,1591,BS,6.8,,,,,
B3,4,1647,WS,9.3,,,,,
B3,4,1969,WS,8.9,,,,,
B3,4,1646,RS,1.1,,,,,
B3,4,1644,RS,1.2,,,,,
B3,4,1648,RS,6.1,,,,,
B3,4,1645,WS,9.7,,,,,
B3,4,1633,WS,8.1,,,,,
B3,4,1643,WS,11,,,,,
B3,4,1632,RS,8,,,,,
B3,4,1626,WS,7.6,,,,,
B3,4,1634,WS,11.5,,,,,
B3,4,1631,WS,6.7,,,,,
B3,4,1623,WS,6.6,,,,,
B3,4,1629,RS,6.4,,,,,
B3,4,1630,WS,8.1,,,,,
B3,4,1614,RS,3.5,,,,,
B3,4,1642,RS,2,,,,,
B3,4,1625,RS,4.8,,,,,
B3,4,1613,WS,7.7,,,,,
B3,4,1607,RS,3.1,,,,,
B3,4,1625,WS,9.6,,,,,
B3,4,1616,RS,6.6,,,,,
B3,4,1617,WS,8,,,,,
B3,4,1615,RS,3.4,,,,,
B3,4,1612,RS,4,,,,,
B3,4,1608,RS,5.2,,,,,
B3,4,1606,RS,6.8,,,,,
B3,4,1611,WS,4.4,,,,,
B3,4,1607,WS,3.3,,,,,
B3,4,1618,WS,7.5,,,,,
B3,4,1636,RS,3,,,,,
B3,4,1622,WS,8.2,,,,,
B3,4,1635,RS,4.1,,,,,
B3,4,1649,WS,8.9,,,,,
B3,4,1609,WS,3.9,,,,,
B3,4,1637,WS,10.1,,,,,
B3,4,1628,WS,6.7,,,,,
B3,4,1610,RS,6.8,,,,,
B3,4,1638,RS,4.9,,,,,
B3,4,1619,RS,5,,,,,
B3,4,1641,WS,10.4,,,,,
B3,4,1621,RS,5,,,,,
B3,4,1627,WS,6.5,,,,,
B3,4,1653,WS,7.2,,,,,
B3,4,1654,WS,6.7,,,,,
B3,4,1639,WS,6.8,,,,,
B3,4,1652,RS,7.8,,,,,
B3,4,1650,WS,12.5,,,,,
B3,4,1951,WS,8.7,,,,,
B3,4,1640,RS,6.4,,,,,
B3,4,1620,WS,8.4,,,,,
B3,4,1702,WS,5.9,,,,,
B3,4,1665,WS,11.1,,,,,
B3,4,1682,WS,6.3,,,,,
B3,4,1703,RS,5,,,,,
B3,4,1666,RS,7.3,,,,,
B3,5,1677,BS,10.3,,,,,
B3,5,1717,BS,4.5,,,,,
B3,5,1697,WS,8.4,,,,,
B3,5,1688,WS,9,,,,,
B3,5,1725,WS,7.7,,,,,
B3,5,1696,BS,9.6,,,,,
B3,5,1707,BS,1.9,,,,,
B3,5,1724,WS,,,,,,
B3,5,1695,WS,8.6,,,,,
B3,5,1709,BS,3.2,,,,,DEAD
B3,5,1716,WS,5.5,,,,,
B3,5,1708,WS,7.7,,,,,
B3,5,1726,BS,7.7,,,,,
B3,5,1738,BS,11,,,,,
B3,5,1713,WS,8.2,,,,,
B3,5,1735,WS,8.5,,,,,
B3,5,1737,WS,,,,,,UNDER DBH
B3,5,1714,BS,7.5,,,,,
B3,5,1734,BS,8.2,,,,,
B3,5,1736,WS,,,,,,UNDER DBH
B3,5,1728,BS,8.7,,,,,WITH 1729
B3,5,1727,WS,9.7,,,,,
B3,5,1733,WS,9.9,,,,,
B3,5,1729,BS,2.9,,,,,WITH 1728
B3,5,1732,BS,6.7,,,,,
B3,5,1730,WS,7.2,,,,,
B3,5,1731,WS,13.6,,,,,
B3,5,1710,WS,8.2,,,,,
B3,5,1694,BS,7.8,,,,,
B3,5,1712,WS,8.8,,,,,
B3,5,1690,WS,9,,,,,
B3,5,1711,BS,4.8,,,,,
B3,5,1693,WS,1.2,,,,,
B3,5,1740,WS,11.3,,,,,
B3,5,1721,WS,2.6,,,,,
B3,5,1722,WS,8.4,,,,,
B3,5,1720,WS,10,,,,,
B3,5,1723,BS,11.1,,,,,
B3,5,1719,BS,9.2,,,,,
B3,5,1718,WS,10.6,,,,,
B3,5,1704,WS,4.3,,,,,
B3,5,1705,WS,8.5,,,,,
B3,5,1699,WS,4.8,,,,,
B3,5,1701,WS,5.2,,,,,
B3,5,1700,BS,4.3,,,,,
B3,5,1685,BS,6.7,,,,,
B3,5,1683,BS,7.5,,,,,
B3,5,1684,WS,6,,,,,
B3,5,1679,WS,6.2,,,,,
B3,5,1681,WS,8.9,,,,,
B3,5,1680,BS,4.6,,,,,
B3,5,1669,BS,6.9,,,,,
B3,5,1668,WS,12.4,,,,,
B3,5,1667,BS,9,,,,,
B3,5,1664,WS,12.9,,,,,
B3,5,1656,BS,9.3,,,,,
B3,5,1655,BS,9.7,,,,,
B3,5,1657,BS,5.5,,,,,
B3,5,1658,BS,9.1,,,,,
B3,5,1663,WS,9.2,,,,,
B3,5,1670,WS,8.1,,,,,
B3,5,1662,BS,9.4,,,,,
B3,5,1678,WS,12.7,,,,,
B3,5,1686,WS,7.2,,,,,
B3,5,1671,WS,10.2,,,,,
B3,5,1698,BS,4.7,,,,,
B3,5,1687,BS,8.8,,,,,
B3,5,1676,WS,8.9,,,,,
B3,5,1689,BS,7.8,,,,,
B3,5,1672,,6.7,,,,,
B3,5,1692,BS,7.4,,,,,
B3,5,1661,WS,8.3,,,,,
B3,5,1673,WS,11.5,,,,,
B3,5,1674,BS,9.4,,,,,
B3,5,1660,WS,10.9,,,,,
B3,5,1675,WS,9.5,,,,,
B3,6,1799,NS,5.2,,,,,
B3,6,1800,NS,8,,,,,
B3,6,1781,RS,7.1,,,,,
B3,6,1780,NS,6.1,,,,,
B3,6,1747,NS,7.1,,,,,
B3,6,1798,RS,6.6,,,,,
B3,6,1779,RS,3.1,,,,,
B3,6,1762,RS,1.8,,,,,
B3,6,1778,NS,7.7,,,,,
B3,6,1764,NS,7.4,,,,,
B3,6,1801,RS,5.7,,,,,
B3,6,1761,NS,9.6,,,,,
B3,6,1797,NS,11,,,,,
B3,6,1765,NS,8,,,,,
B3,6,1748,RS,5.6,,,,,
B3,6,1763,NS,1.8,,,,,
B3,6,1783,RS,4.5,,,,,
B3,6,1782,NS,9.2,,,,,
B3,6,1760,RS,9.4,,,,,
B3,6,1749,NS,7.7,,,,,
B3,6,1776,NS,9.2,,,,,
B3,6,1784,NS,9.7,,,,,
B3,6,1750,RS,7.7,,,,,
B3,6,1777,RS,2,,,,,
B3,6,1759,NS,9.7,,,,,
B3,6,1775,NS,8.1,,,,,
B3,6,1796,NS,12,,,,,
B3,6,1751,NS,6.1,,,,,
B3,6,1774,RS,2.5,,,,,
B3,6,1758,RS,9.1,,,,,
B3,6,1766,NS,8.7,,,,,
B3,6,1787,NS,8.2,,,,,
B3,6,1785,RS,5,,,,,
B3,6,1786,RS,6,,,,,
B3,6,1773,NS,8.5,,,,,
B3,6,1788,RS,0.9,,,,,
B3,6,1793,NS,4.5,,,,,
B3,6,1752,RS,8.7,,,,,
B3,6,1792,NS,5,,,,,
B3,6,1767,NS,8,,,,,
B3,6,1757,NS,4.5,,,,,SPROUT W/1756
B3,6,1756,NS,4.3,,,,,SPROUT W/1757
B3,6,1772,RS,5.4,,,,,
B3,6,1795,RS,6.8,,,,,
B3,6,1755,RS,2.6,,,,,
B3,6,1771,NS,7.2,,,,,DEAD
B3,6,1753,NS,4,,,,,
B3,6,1794,RS,3.8,,,,,
B3,6,1790,NS,7,,,,,
B3,6,1791,RS,2.5,,,,,
B3,6,1741,NS,5.5,,,,,
B3,6,1754,RS,6.1,,,,,
B3,6,1789,NS,9.6,,,,,
B3,6,1803,NS,8.2,,,,,
B3,6,1804,NS,8.9,,,,,
B3,6,1769,NS,2,,,,,SPECIES MAY BE RS?
B3,6,1807,RS,4.2,,,,,
B3,6,1806,NS,8.3,,,,,
B3,6,1805,NS,10.5,,,,,
B3,6,1770,RS,3.8,,,,,
B3,6,1768,NS,5.2,,,,,
B3,7,1816,NS,10.9,,,,,
B3,7,1828,BS,3.8,,,,,DEAD
B3,7,1829,NS,10.5,,,,,
B3,7,1830,NS,8.7,,,,,
B3,7,1843,BS,2,,,,,
B3,7,1841,BS,7.4,,,,,
B3,7,1842,NS,7.5,,,,,
B3,7,1844,NS,6,,,,,
B3,7,1855,BS,3.2,,,,,
B3,7,1827,BS,3.5,,,,,
B3,7,1845,BS,8.5,,,,,
B3,7,1856,NS,6.7,,,,,
B3,7,1872,BS,5.3,,,,,
B3,7,1857,BS,7.7,,,,,
B3,7,1858,NS,7.1,,,,,
B3,7,1873,BS,8.8,,,,,
B3,7,1874,BS,7.5,,,,,
B3,7,1859,BS,6,,,,,
B3,7,1871,NS,6,,,,,
B3,7,1860,BS,2.3,,,,,
B3,7,1875,NS,8.7,,,,,
B3,7,1846,BS,6,,,,,LEANING
B3,7,1876,BS,7.2,,,,,
B3,7,1817,BS,4.5,,,,,
B3,7,1840,NS,1.7,,,,,
B3,7,1870,BS,3.5,,,,,
B3,7,1818,NS,5.4,,,,,
B3,7,1869,NS,4.5,,,,,
B3,7,1831,BS,7.1,,,,,
B3,7,1861,NS,7.7,,,,,
B3,7,1826,BS,9.3,,,,,"""A REAL NICE ONE"""
B3,7,1862,NS,4.3,,,,,
B3,7,1832,NS,5.5,,,,,
B3,7,1838,BS,0,,,,,EXACTLY 4.5 FT TALL
B3,7,1839,BS,0.4,,,,,
B3,7,1826,BS,9,,,,,
B3,7,1847,NS,,,,,,SHORTER THAN DBH
B3,7,1825,NS,6.1,,,,,
B3,7,1854,BS,7,,,,,
B3,7,1848,BS,4.8,,,,,
B3,7,1837,NS,9.5,,,,,
B3,7,1811,BS,11.5,,,,,NEXT PLOT?
B3,7,1819,NS,5.7,,,,,
B3,7,1821,BS,4.9,,,,,FORKED WITH 1820
B3,7,1820,BS,4.5,,,,,FORKED WITH 1821
B3,7,1824,BS,2.1,,,,,DEAD
B3,7,1823,NS,3.8,,,,,
B3,7,1822,BS,5,,,,,
B3,7,1833,NS,10.5,,,,,
B3,7,1834,BS,8.1,,,,,
B3,7,1835,NS,6.6,,,,,
B3,7,1836,NS,8.4,,,,,
B3,7,1853,BS,4.1,,,,,
B3,7,1850,NS,9.5,,,,,
B3,7,1849,BS,5.5,,,,,
B3,7,1863,NS,8.6,,,,,
B3,7,1852,NS,7.2,,,,,
B3,7,1851,BS,5.1,,,,,
B3,7,1864,BS,4.7,,,,,
B3,7,1868,BS,1.8,,,,,
B3,7,1865,NS,5.4,,,,,
B3,7,1877,NS,8.1,,,,,
B3,7,1866,BS,3.5,,,,,
B3,7,1867,NS,7.7,,,,,
B3,7,1880,NS,9.1,,,,,
B3,7,1878,NS,5.5,,,,,
B3,7,1879,BS,4.6,,,,,
B3,8,1957,NS,7,,,,,
B3,8,1956,WS,4.4,,,,,
B3,8,1941,NS,7,,,,,
B3,8,1940,WS,5.3,,,,,
B3,8,1924,NS,6.9,,,,,
B3,8,1923,NS,4.4,,,,,
B3,8,1922,NS,2.2,,,,,
B3,8,1919,WS,7.2,,,,,
B3,8,1918,NS,9.4,,,,,
B3,8,1958,WS,8.7,,,,,
B3,8,1955,NS,6.7,,,,,
B3,8,1942,WS,0.4,,,,,
B3,8,1939,NS,11.3,,,,,
B3,8,1925,WS,7.7,,,,,
B3,8,1917,NS,7.6,,,,,
B3,8,1920,NS,8.4,,,,,FORKED
B3,8,1921,NS,3.5,,,,,FORKED
B3,8,1891,WS,7.3,,,,,
B3,8,1916,WS,9.6,,,,,
B3,8,1890,NS,4.7,,,,,
B3,8,1892,NS,8.8,,,,,
B3,8,1887,WS,8.7,,,,,
B3,8,1889,NS,7.2,,,,,
B3,8,1893,NS,6.6,,,,,FORKED
B3,8,1895,NS,7.4,,,,,FORKED
B3,8,1886,WS,4.6,,,,,
B3,8,1896,WS,3.2,,,,,
B3,8,1884,WS,6.6,,,,,
B3,8,1885,NS,8.2,,,,,
B3,8,1894,NS,10,,,,,
B3,8,1898,WS,10.7,,,,,
B3,8,1915,WS,8,,,,,
B3,8,1897,NS,8.7,,,,,
B3,8,1913,NS,6.1,,,,,
B3,8,1883,WS,4.6,,,,,
B3,8,1914,WS,10.3,,,,,
B3,8,1927,WS,7.2,,,,,
B3,8,1926,WS,6.1,,,,,
B3,8,1937,WS,9.1,,,,,
B3,8,1928,NS,10.7,,,,,
B3,8,1899,NS,3.5,,,,,
B3,8,1938,NS,2.9,,,,,
B3,8,1907,WS,8.8,,,,,
B3,8,1936,WS,6.3,,,,,
B3,8,1943,NS,7.4,,,,,BROKEN TOP
B3,8,1912,NS,4.2,,,,,
B3,8,1945,NS,6.5,,,,,
B3,8,1954,WS,9.4,,,,,
B3,8,1929,WS,7.1,,,,,
B3,8,1959,NS,4.1,,,,,SPROUT
B3,8,1935,WS,7.1,,,,,
B3,8,1944,NS,6.6,,,,,
B3,8,1953,WS,8.8,,,,,
B3,8,1946,NS,6.4,,,,,
B3,8,1953,NS,3.7,,,,,
B3,8,1960,NS,6.8,,,,,
B3,8,1961,WS,7.5,,,,,
B3,8,1962,WS,11.5,,,,,
B3,8,1963,NS,7.2,,,,,
B3,8,1952,NS,3.6,,,,,
B3,8,1951,NS,10.3,,,,,
B3,8,1947,NS,7.6,,,,,
B3,8,1948,WS,7.5,,,,,
B3,8,1964,NS,6.5,,,,,
B3,8,1934,WS,6.5,,,,,
B3,8,1882,NS,8.8,,,,,
B3,8,1950,WS,8,,,,,
B3,8,1949,NS,4.9,,,,,
B3,8,1900,WS,6.7,,,,,
B3,8,1930,NS,6.9,,,,,
B3,8,1933,NS,3,,,,,
B3,8,1905,NS,8.5,,,,,
B3,8,1931,WS,6.2,,,,,
B3,8,1932,NS,9,,,,,
B3,8,1905,NS,5,,,,,
B3,8,1911,WS,3.9,,,,,
B3,8,1902,WS,9.2,,,,,
B3,8,1901,NS,7.7,,,,,
B3,8,1910,NS,6.1,,,,,STEMMED
B3,8,1909,NS,5.4,,,,,STEMMED
B3,8,1904,WS,5.5,,,,,
B3,8,1903,NS,8.2,,,,,
B3,8,1908,WS,8.8,,,,,
B3,8,1881,NS,7.2,,,,,
B3,9,1033,NS,8,,,,,
B3,9,1034,NS,6.8,,,,,
B3,9,1028,NS,5.5,,,,,
B3,9,1043,NS,7.8,,,,,
B3,9,1047,NS,6.9,,,,,
B3,9,1042,NS,6.6,4.12,20,,,
B3,9,1044,NS,2.2,,,,,
B3,9,1026,NS,,,,,,BELOW DBH
B3,9,1045,NS,3,,,,,
B3,9,1030,NS,7.4,,,,,
B3,9,1041,NS,6.2,,,,,
B3,9,1015,NS,7.3,,,,,
B3,9,1024,NS,8,,,,,
B3,9,1029,NS,6.7,,,,,
B3,9,1013,NS,11.2,,,,,
B3,9,1016,NS,6.9,,,,,
B3,9,1019,NS,9.9,,,,,
B3,9,1014,NS,7.2,,,,,
B3,9,1027,NS,6.7,,,,,
B3,9,1017,NS,5.4,,,,,
B3,9,1026,NS,,,,,,MISSING TREE
B3,9,1018,NS,6.9,,,,,
B3,9,1023,NS,3.3,,,,,
B3,9,1008,NS,6.5,,,,,
B3,9,1006,NS,4.2,,,,,
B3,9,1005,NS,3.9,,,,,
B3,9,1007,NS,4.4,,,,,
B3,9,1025,NS,3,,,,,
B3,9,1004,NS,7.4,,,,,
B3,9,1022,NS,7.5,,,,,
B3,9,1993,NS,3.6,,,,,
B3,9,1035,NS,8.9,,,,,
B3,9,1994,NS,8.1,,,,,
B3,9,1996,NS,10.3,,,,,
B3,9,1021,NS,3.2,,,,,
B3,9,1995,NS,9.2,,,,,
B3,9,1989,NS,9,,,,,
B3,9,1988,NS,7.2,,,,,
B3,9,1020,NS,7.1,,,,,
B3,9,1978,NS,2.9,,,,,
B3,9,1977,NS,2.8,,,,,
B3,9,1987,NS,4.9,,,,,
B3,9,1039,NS,9.6,,,,,
B3,9,2000,NS,3.9,,,,,
B3,9,1979,NS,5.9,,,,,
B3,9,1001,NS,2.1,,,,,
B3,9,1997,NS,9.7,,,,,
B3,9,1038,NS,7.5,,,,,
B3,9,1999,NS,12.1,,,,,
B3,9,1980,NS,8.1,,,,,
B3,9,1003,NS,8.3,,,,,
B3,9,1037,NS,7.3,,,,,
B3,9,1998,NS,8.6,,,,,
B3,9,1984,NS,12,,,,,
B3,9,1002,NS,3.9,,,,,
B3,9,1972,NS,8.7,,,,,
B3,9,1985,NS,8.6,,,,,
B3,9,1996,NS,10.2,,,,,
B3,9,1036,NS,7.6,,,,,
B3,9,1973,NS,5.6,,,,,
B3,9,1983,NS,7.2,,,,,
B3,9,1980,NS,8.2,,,,,
B3,9,1979,NS,5.7,,,,,
B3,9,1966,NS,3.4,,,,,
B3,9,1982,NS,7.8,,,,,
B3,9,1970,NS,5,,,,,
B3,9,1969,NS,5.9,,,,,
B3,9,NS1,NS,2.8,,,,,
B3,9,1967,NS,6.4,,,,,
B3,9,1968,NS,12.6,,,,,
B3,9,1987,NS,4.7,,,,,
B3,9,1981,NS,9.7,,,,,
B3,9,1971,NS,8.7,,,,,
B3,9,1969,NS,5.7,,,,,
B3,9,1968,NS,12.5,,,,,
B3,10,1086,RS,5.2,,,,,
B3,10,1076,RS,1.1,,,,,
B3,10,1066,RS,6.8,,,,,
B3,10,1067,RS,5.5,,,,,
B3,10,1075,RS,3.4,,,,,TIP-UP
B3,10,1088,RS,5.4,4.4,11,,,
B3,10,1065,RS,6.4,,,,,
B3,10,1077,RS,4,,,,,
B3,10,1089,RS,1,,,,,DEAD
B3,10,1074,RS,,,,,,ALIVE
B3,10,1064,RS,3.8,,,,,
B3,10,1085,RS,8.2,,,,,
B3,10,1063,RS,5.5,,,,,
B3,10,1078,RS,4.2,,,,,
B3,10,1084,RS,5,,,,,
B3,10,1068,RS,2.6,,,,,
B3,10,1073,RS,3.9,,,,,
B3,10,1072,RS,7.7,,,,,
B3,10,1062,RS,3.4,,,,,
B3,10,1090,RS,5.8,,,,,
B3,10,1091,RS,,,,,,81 cm
B3,10,1079,RS,7.9,,,,,
B3,10,1071,RS,6.1,,,,,
B3,10,1080,RS,6.3,,,,,
B3,10,1081,RS,3.9,,,,,
B3,10,1069,RS,2.3,,,,,
B3,10,1083,RS,2.4,2.7,14,,,
B3,10,1082,RS,2.9,,,,,
B3,10,1059,RS,3.7,,,,,
B3,10,1087,RS,1.4,,,,,
B3,10,1092,RS,2,,,,,
B3,10,1058,RS,2.3,,,,,
B3,10,1070,RS,3.6,,,,,
B3,10,1061,RS,5.9,,,,,
B3,10,1067,RS,5.5,,,,,
B3,10,1071,RS,3.8,,,,,
B3,10,1056,RS,3,,,,,
B3,10,1051,RS,,1.37,,,,ALIVE
B3,10,1062,RS,2.8,,,,,
B3,10,1050,RS,0.8,,,,,
B3,10,1052,RS,6,,,,,
B3,10,1049,RS,3.5,,,,,
B3,10,1048,RS,4.3,,,,,
B3,10,1054,RS,8.5,,,,,
B3,10,1053,RS,2.8,,,,,
B3,10,1055,RS,6.2,,,,,
B3,10,1046,RS,3.9,,,,,TIP-UP
B3,10,1041,RS,6.2,,,,,
B3,10,1042,RS,6.4,,,,,
B3,10,R1,RS,0.5,,,,,
B3,10,R2,RS,,,,,,NO BH
B4,1,631,BS,2.4,,,,,
B4,1,685,BS,10.9,,,,,
B4,1,630,BS,9.6,,,,,
B4,1,667,BS,1.6,,,,,
B4,1,677,BS,9.4,,,,,
B4,1,669,BS,9,,,,,
B4,1,658,BS,6.3,,,,,
B4,1,678,BS,9.6,,,,,
B4,1,671,BS,9.7,,,,,
B4,1,685,BS,10.9,,,,,
B4,1,666,BS,7.8,,,,,
B4,1,625,BS,5.9,,,,,
B4,1,685,BS,11,,,,,
B4,1,652,BS,5.9,,,,,
B4,1,663,BS,9.4,,,,,
B4,1,679,BS,5.6,,,,,
B4,1,633,BS,6.8,,,,,
B4,1,662,BS,5,,,,,
B4,1,651,BS,1,,,,,
B4,1,BS3,BS,7.1,,,,,TIP-UP
B4,1,648,BS,9.6,,,,,
B4,1,665,BS,9,6.38,7,,,
B4,1,664,BS,6.8,,,,,
B4,1,680,BS,3.8,,,,,
B4,1,669,BS,8.8,,,,,
B4,1,634,BS,6,,,,,
B4,1,681,BS,9.3,,,,,
B4,1,668,BS,7.9,,,,,
B4,1,629,BS,6,,,,,
B4,1,682,BS,3.3,359,73,,,
B4,1,681,BS,9.4,,,,,
B4,1,635,BS,3.1,,,,,
B4,1,683,BS,5.9,,,,,
B4,1,646,BS,3.8,,,,,
B4,1,692,BS,6,,,,,
B4,1,694,BS,6.7,,,,,
B4,1,700,BS,7.2,,,,,
B4,1,696,BS,9.2,,,,,
B4,1,695,BS,5.7,,,,,
B4,1,699,BS,10.9,,,,,
B4,1,697,BS,7.6,,,,,
B4,1,693,BS,2.7,,,,,
B4,1,684,BS,9,,,,,
B4,1,691,BS,8.2,,,,,
B4,1,690,BS,10,,,,,
B4,1,BS1,BS,2,,,,,
B4,1,689,BS,5,,,,,
B4,1,674,BS,6.5,,,,,
B4,1,BS2,BS,1,,,,,
B4,1,673,BS,8,,,,,
B4,1,676,BS,10,,,,,
B4,1,698,BS,9.3,,,,,
B4,1,672,BS,6.5,,,,,
B4,1,683,BS,6,,,,,
B4,1,675,BS,8.5,,,,,
B4,1,682,BS,3.3,,,,,
B4,1,BS3,BS,1.7,,,,,
B4,1,650,BS,5.6,,,,,
B4,1,1026,BS,5.9,,,,,
B4,1,681,BS,9.6,,,,,
B4,1,670,BS,7.7,,,,,
B4,1,680,BS,4,,,,,
B4,1,688,BS,3.8,,,,,
B4,1,649,BS,8.5,,,,,
B4,1,687,BS,5.4,,,,,
B4,1,651,BS,1.1,,,,,
B4,1,668,BS,7,,,,,
B4,1,686,BS,5.8,,,,,
B4,1,660,BS,7.2,,,,,
B4,1,664,BS,6.8,,,,,
B4,1,BS4,BS,1.3,,,,,
B4,1,637,BS,9.7,,,,,
B4,1,653,BS,7.8,,,,,
B4,1,659,BS,5.5,,,,,
B4,1,627,BS,9.3,,,,,
B4,1,647,BS,7.1,,,,,
B4,1,636,BS,4.1,,,,,
B4,1,658,BS,6.5,,,,,
B4,1,646,BS,6.9,,,,,
B4,1,656,BS,5.4,,,,,
B4,1,626,BS,3.1,,,,,
B4,1,665,BS,6.8,,,,,
B4,1,624,BS,1.2,,,,,
B4,1,657,BS,2.2,,,,,
B4,1,646,BS,6.9,,,,,
B4,1,644,BS,7.9,,,,,
B4,1,640,BS,4.4,,,,,
B4,1,645,BS,3.8,,,,,
B4,1,638,BS,8.7,,,,,
B4,1,642,BS,2.8,,,,,
B4,1,BS5,BS,1.2,,,,,
B4,1,643,BS,2.7,,,,,
B4,1,639,BS,4.9,,,,,
B4,1,623,BS,4,,,,,
B4,1,641,BS,2.2,,,,,
B4,1,BS8,BS,7.9,,,,,TIP-UP
B4,1,707,BS,6.1,,,,,
B4,1,BS6,BS,,<1.3,,,,
B4,1,640,BS,4.4,,,,,
B4,1,BS7,BS,,<1.3,,,,
B4,1,624,BS,1.2,,,,,
B4,1,628,BS,1.8,,,,,
B4,2,606,NS,5.3,,,,,
B4,2,471,NS,7.8,,,,,
B4,2,465,WS,4,,,,,
B4,2,482,WS,5.5,,,,,
B4,2,446,WS,4.5,,,,,
B4,2,466,NS,7,,,,,
B4,2,472,WS,7.8,,,,,
B4,2,447,WS,4,,,,,
B4,2,468,WS,7,,,,,
B4,2,463,WS,8.5,,,,,
B4,2,464,NS,6.6,,,,,
B4,2,450,WS,9,,,,,
B4,2,447,NS,3.9,,,,,
B4,2,451,NS,4,,,,,
B4,2,448,WS,9.5,6.6,47,,,
B4,2,455,WS,3.9,,,,,
B4,2,452,NS,5.1,,,,,
B4,2,453,WS,8.5,,,,,
B4,2,439,NS,4.9,,,,,
B4,2,454,NS,7.8,,,,,
B4,2,448,NS,9.6,,,,,
B4,2,445,WS,7.6,,,,,
B4,2,444,NS,9.2,,,,,
B4,2,443,NS,7.8,,,,,
B4,2,456,NS,9.5,,,,,
B4,2,474,WS,7.2,,,,,
B4,2,458,WS,6.1,,,,,
B4,2,457,,7.7,,,,,
B4,2,475,NS,8.4,,,,,
B4,2,461,WS,6.9,,,,,
B4,2,463,WS,3.2,,,,,
B4,2,462,WS,5.4,,,,,
B4,2,476,WS,6.3,,,,,
B4,2,480,NS,7.4,,,,,
B4,2,477,NS,9.1,,,,,
B4,2,479,WS,2.3,,,,,
B4,2,478,NS,6.5,,,,,
B4,2,489,NS,4.4,,,,,
B4,2,478,NS,6.4,,,,,
B4,2,490,WS,8.3,,,,,
B4,2,491,NS,6.7,,,,,
B4,2,488,NS,1.6,,,,,
B4,2,494,WS,1.3,,,,,
B4,2,496,WS,9.2,,,,,DECAY
B4,2,492,WS,3.4,,,,,
B4,2,495,WS,6.4,,,,,
B4,2,493,NS,5.3,,,,,
B4,2,619,NS,5.5,,,,,
B4,2,618,WS,5.5,,,,,
B4,2,620,NS,4.7,,,,,
B4,2,608,WS,4.5,,,,,
B4,2,617,WS,3.7,,,,,
B4,2,606,WS,5.3,,,,,
B4,2,607,NS,2.5,,,,,
B4,2,498,NS,0.8,,,,,
B4,2,615,WS,3.8,,,,,
B4,2,500,WS,2.5,,,,,
B4,2,609,NS,2.9,,,,,
B4,2,486,WS,7.1,,,,,
B4,2,618,NS,8,,,,,
B4,2,612,NS,5.5,,,,,
B4,2,485,NS,8.3,,,,,
B4,2,611,NS,2.5,3.22,129,,,
B4,2,613,NS,6.5,,,,,
B4,2,610,NS,3.1,,,,,
B4,2,601,WS,3,4.33,51,,,
B4,2,614,NS,6,,,,,
B4,2,602,WS,2,,,,,
B4,2,605,NS,6.1,,,,,
B4,2,484,WS,7,,,,,
B4,2,604,NS,1.7,,,,,
B4,2,613,WS,6.4,,,,,
B4,2,487,NS,5.5,,,,,
B4,2,470,NS,9.4,,,,,
B4,2,481,NS,9.5,,,,,
B4,2,499,NS,1.3,,,,,
B4,2,469,NS,11,,,,,
B4,2,498,NS,0.8,,,,,
B4,2,473,NS,8.3,,,,,
B4,2,467,NS,8.8,,,,,
B4,2,464,WS,2.3,,,,,
B4,3,439,WS,3.5,,,,,
B4,3,442,WS,5,3.45,60,,,
B4,3,440,WS,5,,,,,
B4,3,434,WS,7.6,,,,,
B4,3,432,WS,9.5,,,,,
B4,3,437,WS,5.5,,,,,
B4,3,441,WS,4.5,,,,,
B4,3,438,WS,4.6,,,,,
B4,3,701,WS,6.8,,,,,
B4,3,433,WS,11.2,,,,,
B4,3,436,WS,4.2,,,,,
B4,3,428,WS,5.6,,,,,
B4,3,435,WS,7.5,,,,,
B4,3,430,WS,6,,,,,
B4,3,702,WS,10.8,,,,,
B4,3,424,WS,7.3,,,,,
B4,3,423,WS,8.7,,,,,
B4,3,703,WS,6.8,,,,,
B4,3,429,WS,4.2,,,,,
B4,3,425,WS,8.5,,,,,
B4,3,420,WS,6.6,,,,,
B4,3,427,WS,3.5,,,,,
B4,3,764,WS,7.2,,,,,
B4,3,418,WS,2.7,,,,,
B4,3,419,WS,8.5,,,,,
B4,3,424,WS,7.5,,,,,
B4,3,426,WS,4.9,,,,,
B4,3,705,WS,8.2,,,,,
B4,3,418,WS,3,,,,,
B4,3,411,WS,8.8,6.03,101,,,
B4,3,413,WS,6.4,,,,,
B4,3,417,WS,3.7,,,,,
B4,3,706,WS,4.4,,,,,
B4,3,410,WS,6.2,,,,,
B4,3,414,WS,7.4,,,,,
B4,3,415,WS,3.9,,,,,
B4,3,421,WS,,<4.5,,,,ALIVE- BROKEN TOP
B4,3,404,WS,4.7,,,,,
B4,3,416,WS,2.2,,,,,
B4,3,412,WS,10.4,,,,,
B4,3,422,WS,7.6,,,,,
B4,3,411,WS,8.3,,,,,
B4,3,707,WS,5.9,,,,,
B4,3,402,WS,1.7,,,,,
B4,3,431,WS,9.4,,,,,
B4,3,405,WS,8.6,,,,,
B4,3,400,WS,3.2,,,,,
B4,3,410,WS,5.8,,,,,
B4,3,708,WS,8.8,,,,,
B4,3,401,WS,5.6,,,,,
B4,3,406,WS,7.7,,,,,
B4,3,396,WS,8.4,,,,,
B4,3,397,WS,9.9,,,,,
B4,3,390,WS,4.1,,,,,
B4,3,395,WS,3.9,,,,,
B4,3,398,WS,6.2,,,,,
B4,3,389,WS,7.6,,,,,
B4,3,399,WS,1.1,,,,,
B4,3,386,WS,8.8,,,,,
B4,3,391,WS,7,,,,,
B4,3,379,WS,7.4,,,,,
B4,3,408,WS,3.8,,,,,
B4,3,392,WS,8.1,,,,,
B4,3,385,WS,4.4,,,,,
B4,3,380,WS,8.3,,,,,
B4,3,381,WS,7.8,,,,,
B4,3,387,WS,5.8,,,,,
B4,3,384,WS,2.9,,,,,
B4,3,382,WS,10.2,,,,,
B4,3,393,WS,9.8,,,,,
B4,3,388,WS,6.1,,,,,
B4,3,394,WS,8.5,,,,,
B4,3,383,WS,6.9,,,,,
B4,3,403,WS,,<1.3,,,,ALIVE
B4,3,407,WS,4.4,,,,,
B4,3,409,WS,3.7,,,,,
B4,3,413,WS,6.6,,,,,
B4,4,347,RS,6.7,,,,,
B4,4,335,RS,4.4,,,,,
B4,4,342,RS,7.4,,,,,
B4,4,492,RS,3.3,,,,,
B4,4,340,NS,4.5,,,,,
B4,4,360,NS,5.4,,,,,
B4,4,341,RS,3,,,,,
B4,4,336,RS,2.2,,,,,
B4,4,359,RS,2.8,,,,,
B4,4,350,NS,4.1,,,,,
B4,4,337,RS,2.1,,,,,
B4,4,326,RS,4.7,,,,,
B4,4,358,RS,8.7,,,,,
B4,4,357,RS,5.5,,,,,
B4,4,339,NS,5,,,,,
B4,4,349,RS,2.1,,,,,
B4,4,356,NS,7.1,,,,,
B4,4,338,NS,,<1.3,,,,ALIVE
B4,4,348,RS,3.7,,,,,
B4,4,355,RS,2,,,,,
B4,4,358,RS,8.5,,,,,
B4,4,325,RS,2.8,,,,,
B4,4,322,NS,2.8,,,,,
B4,4,359,RS,2.1,,,,,
B4,4,353,RS,3,,,,,
B4,4,360,NS,5.3,,,,,
B4,4,323,NS,7.5,,,,,
B4,4,492,RS,3.4,,,,,
B4,4,324,NS,7.1,,,,,
B4,4,377,RS,2.2,,,,,
B4,4,459,RS,4.6,,,,,
B4,4,373,RS,7.2,,,,,
B4,4,383,NS,7.1,,,,,
B4,4,243,RS,3.5,,,,,
B4,4,331,NS,6.6,,,,,
B4,4,232,RS,1.1,,,,,
B4,4,332,RS,2.8,,,,,
B4,4,233,NS,3.3,,,,,
B4,4,352,NS,7.2,,,,,
B4,4,366,NS,6.4,,,,,
B4,4,333,NS,6.6,,,,,
B4,4,367,NS,4,,,,,
B4,4,242,RS,1.3,,,,,
B4,4,318,NS,8,,,,,
B4,4,369,NS,5.7,,,,,
B4,4,364,NS,5.8,,,,,
B4,4,368,NS,5.7,,,,,
B4,4,319,RS,3.9,,,,,
B4,4,354,RS,2.3,,,,,
B4,4,375,RS,4,,,,,
B4,4,330,RS,8,,,,,
B4,4,353,RS,3,,,,,
B4,4,345,RS,8.1,,,,,
B4,4,320,RS,8.6,,,,,
B4,4,374,RS,6.3,,,,,
B4,4,373,RS,5.2,,,,,
B4,4,346,RS,5.6,,,,,
B4,4,329,RS,,4.3,,,,ALIVE
B4,4,344,NS,3,,,,,
B4,4,334,NS,8.1,,,,,
B4,4,362,RS,7.4,,,,,
B4,4,376,RS,7,,,,,
B4,4,328,RS,3,,,,,
B4,4,377,RS,2.2,,,,,
B4,4,343,RS,0.8,,,,,
B4,4,378,NS,9.1,,,,,
B4,4,337,RS,9.3,,,,,
B4,4,338,RS,,<1.3,,,,
B4,4,321,,,,,,,DEAD
B4,4,322,RS,2.7,,,,,
B4,4,361,RS,,<1.3,,,,
B4,4,326,RS,4.9,,,,,
B4,4,327,NS,9.2,,,,,
B4,4,328,RS,3.5,,,,,
B4,4,331,NS,6.5,,,,,
B4,4,332,RS,2.9,,,,,
B4,4,351,RS,9.2,,,,,
B4,4,363,RS,7.2,,,,,
B4,4,365,RS,,<1.3,,,,ALIVE
B4,4,368,NS,5.4,,,,,
B4,4,370,RS,4.9,,,,,
B4,4,371,RS,5.8,,,,,
B4,4,372,NS,7.1,,,,,
B4,4,375,RS,3.3,,,,,
B4,4,378,NS,9,,,,,
B4,5,274,WS,4.9,,,,,
B4,5,284,BS,8.7,,,,,
B4,5,291,BS,9.9,5.58,42,,,
B4,5,283,WS,6.1,,,,,
B4,5,292,WS,7.1,,,,,
B4,5,263,BS,6.6,,,,,
B4,5,282,BS,6.5,,,,,DOWN BUT ALIVE
B4,5,275,BS,3.4,,,,,
B4,5,297,BS,2.2,,,,,
B4,5,281,WS,4.5,,,,,
B4,5,276,BS,2.5,,,,,
B4,5,296,WS,4.8,,,,,
B4,5,280,BS,6,,,,,
B4,5,307,WS,4.6,,,,,
B4,5,277,WS,3.7,,,,,
B4,5,293,WS,2.9,,,,,
B4,5,278,BS,8,,,,,
B4,5,295,WS,9.1,,,,,
B4,5,279,WS,7,,,,,
B4,5,294,BS,9.8,,,,,
B4,5,278,BS,7.9,,,,,
B4,5,260,WS,6,,,,,
B4,5,257,BS,7.7,,,,,
B4,5,258,BS,5.5,,,,,
B4,5,259,WS,8.6,,,,,BROKEN
B4,5,246,WS,8.9,,,,,
B4,5,261,WS,2.7,,,,,
B4,5,262,BS,4.3,,,,,DOWN BUT 
B4,5,263,BS,6.3,,,,,
B4,5,247,WS,0.4,,,,,
B4,5,255,BS,4.5,,,,,DOWNED
B4,5,248,BS,2.3,,,,,DEAD STANDING
B4,5,308,WS,10.4,,,,,
B4,5,309,BS,8.7,,,,,
B4,5,307,WS,4.7,,,,,
B4,5,310,WS,11.6,,,,,
B4,5,298,BS,6.1,,,,,PROPPED UP
B4,5,311,BS,7,,,,,
B4,5,312,BS,9.1,,,,,
B4,5,306,WS,7.4,,,,,
B4,5,313,BS,12.8,,,,,
B4,5,314,WS,8.9,,,,,
B4,5,305,WS,5.7,,,,,
B4,5,315,BS,9.7,,,,,
B4,5,299,WS,11.1,,,,,
B4,5,304,BS,3.2,,,,,
B4,5,316,WS,7.3,,,,,
B4,5,301,BS,6.9,,,,,
B4,5,288,WS,0.5,,,,,
B4,5,317,BS,4.6,,,,,
B4,5,303,BS,4.9,,,,,
B4,5,268,WS,2.3,,,,,
B4,5,286,WS,2.5,,,,,
B4,5,442,WS,5,,,,,
B4,5,416,WS,2,,,,,
B4,5,287,WS,0.8,,,,,
B4,5,302,WS,1.7,,,,,
B4,5,285,WS,2,,,,,
B4,5,271,BS,3.8,,,,,
B4,5,287,WS,0.3,,,,,
B4,5,272,,4,,,,,
B4,5,300,WS,4.5,,,,,
B4,5,289,WS,4.1,,,,,
B4,5,273,BS,5,,,,,
B4,5,290,BS,3.8,,,,,
B4,5,256,WS,6,,,,,
B4,5,249,WS,3.4,,,,,
B4,5,265,WS,8.6,,,,,
B4,5,250,WS,2.4,,,,,
B4,5,254,BS,2.8,,,,,
B4,5,389,WS,7.5,,,,,LEANING
B4,5,265,BS,7.9,,,,,
B4,5,253,WS,2.1,,,,,
B4,5,252,WS,2.8,,,,,
B4,5,251,WS,4.4,,,,,
B4,5,266,,,,,,,BELOW DBH- CAN'T ID SPECIES- DEAD
B4,5,267,WS,1.4,,,,,
B4,5,270,WS,2.1,,,,,
B4,5,272,WS,4.2,,,,,
B4,5,271,BS,3.8,,,,,
B4,5,273,BS,5.4,,,,,
B4,5,287,WS,0.4,,,,,
B4,5,285,WS,2.2,,,,,
B4,6,250,RS,2.9,,,,,
B4,6,238,RS,2.3,,,,,
B4,6,243,RS,3.5,,,,,
B4,6,239,RS,5.5,,,,,
B4,6,242,RS,1.4,,,,,
B4,6,241,RS,3,,,,,
B4,6,249,RS,5.2,,,,,
B4,6,230,RS,10.5,,,,,
B4,6,233,RS,3.2,,,,,
B4,6,245,RS,,,,,,TIP-UP
B4,6,224,RS,5.7,,,,,
B4,6,234,RS,3.8,,,,,
B4,6,235,RS,3.3,,,,,
B4,6,223,RS,6.4,,,,,
B4,6,231,RS,1,,,,,
B4,6,236,RS,3,,,,,
B4,6,216,RS,5.5,,,,,
B4,6,237,RS,2.6,,,,,
B4,6,232,RS,1.1,,,,,
B4,6,215,RS,8,,,,,
B4,6,226,RS,,<1.3,,,,ALIVE
B4,6,214,RS,3.8,,,,,
B4,6,227,RS,,,,,,DEAD
B4,6,212,RS,5.8,,,,,
B4,6,228,RS,1.8,,,,,
B4,6,246,RS,9,,,,,TIP-UP
B4,6,214,RS,8.5,,,,,
B4,6,229,RS,5.9,,,,,
B4,6,257,RS,7.7,,,,,
B4,6,217,RS,4.9,,,,,
B4,6,259,RS,9.4,,,,,
B4,6,222,RS,,,,,,
B4,6,218,RS,0.8,,,,,
B4,6,262,RS,,,,,,TIP-UP
B4,6,219,RS,1.3,,,,,
B4,6,221,RS,,<1.3,,,,ALIVE
B4,6,256,RS,6.3,,,,,
B4,6,262,RS,,,,,,TIP-UP
B4,6,213,RS,,,,,,DEAD
B4,7,185,NS,9.3,,,,,
B4,7,B47-1,BS,8.1,,,,,HORIZONTAL BUT ALIVE
B4,7,184,NS,8.9,,,,,
B4,7,194,NS,7.9,,,,,
B4,7,195,BS,2.7,,,,,
B4,7,171,NS,4.7,,,,,
B4,7,172,NS,5.3,,,,,
B4,7,181,NS,7.8,,,,,
B4,7,173,NS,11.3,,,,,
B4,7,174,BS,6.1,,,,,LEANING
B4,7,176,BS,2.1,,,,,DEAD
B4,7,175,NS,5.8,,,,,
B4,7,167,BS,7.1,,,,,
B4,7,177,NS,9.2,,,,,
B4,7,79,BS,4.6,,,,,
B4,7,161,NS,7.4,,,,,
B4,7,162,BS,7.5,,,,,
B4,7,168,BS,8,,,,,
B4,7,B47-2,NS,8,,,,,LAYING ON THE GROUND
B4,7,169,NS,7,,,,,
B4,7,170,BS,5.4,,,,,
B4,7,211,NS,8,,,,,
B4,7,210,BS,9.3,,,,,
B4,7,197,NS,5.2,,,,,
B4,7,209,NS,5.1,,,,,
B4,7,208,BS,4.2,,,,,
B4,7,207,NS,5.5,,,,,
B4,7,200,BS,6.7,,,,,
B4,7,206,NS,7.8,,,,,
B4,7,205,BS,8.9,,,,,
B4,7,201,BS,8.4,,,,,
B4,7,309,BS,8.7,,,,,MAYBE NEXT PLOT TREE
B4,7,202,NS,6.2,,,,,
B4,7,308,WS,10.4,,,,,PROBABLY NEXT PLOT TREE AS WHITE SPRUCE
B4,7,203,BS,7.5,,,,,
B4,7,182,BS,8.8,,,,,
B4,7,183,BS,7.5,,,,,
B4,7,204,NS,13,,,,,
B4,7,198,NS,12,,,,,
B4,7,193,NS,5.4,,,,,
B4,7,196,NS,10.2,,,,,
B4,7,192,NS,7,,,,,
B4,7,190,NS,9,,,,,
B4,7,191,BS,5,,,,,
B4,7,93,NS,8,,,,,…AT BELOW DBH
B4,7,93,NS,9,,,,,TWO TREES
B4,7,92,NS,8.5,,,,,
B4,7,189,NS,5.5,,,,,SAP SUCKER DAMAGE
B4,7,178,BS,7,,,,,
B4,7,188,NS,1.6,,,,,TOP HAD CUT
B4,7,188,NS,1.6,,,,,TWO STEMS
B4,7,179,NS,6.2,4.72,62,,,
B4,7,187,BS,5.9,,,,,
B4,7,180,BS,4,,,,,
B4,7,186,NS,9.5,,,,,
B4,8,165,RS,3.5,,,,,
B4,8,164,RS,3.5,,,,,
B4,8,166,BS,7,,,,,
B4,8,159,BS,7,,,,,
B4,8,158,RS,8,,,,,
B4,8,147,RS,3.5,,,,,
B4,8,157,BS,6.5,,,,,
B4,8,148,BS,6.2,,,,,
B4,8,152,RS,4.2,,,,,
B4,8,146,BS,6,,,,,
B4,8,150,WS,4.2,,,,,SPECIES=WS
B4,8,149,RS,5.7,,,,,
B4,8,128,BS,7,,,,,
B4,8,151,WS,1.2,,,,,SPECIES=WS
B4,8,127,BS,3.9,,,,,
B4,8,1706,RS,0.4,,,,,TAGGED
B4,8,139,BS,7.1,,,,,DOWNED
B4,8,126,BS,4.9,,,,,
B4,8,129,BS,10,,,,,
B4,8,140,BS,6.9,,,,,
B4,8,137,RS,5.9,,,,,
B4,8,138,WS,0.3,,,,,WHITE SPRUCE
B4,8,130,BS,5.4,,,,,
B4,8,136,BS,7.6,,,,,
B4,8,125,BS,7.5,,,,,
B4,8,135,RS,4.2,,,,,
B4,8,145,BS,9.5,,,,,
B4,8,124,RS,2,,,,,
B4,8,152,BS,1.3,,,,,
B4,8,123,BS,3.5,,,,,
B4,8,144,RS,2.7,,,,,
B4,8,153,RS,2.3,,,,,YELLOW FOLIAGE
B4,8,156,RS,5,,,,,
B4,8,122,BS,5.9,,,,,
B4,8,160,BS,4.9,,,,,
B4,8,131,RS,0.4,,,,,
B4,8,163,BS,8.2,,,,,
B4,8,134,BS,6.2,,,,,
B4,8,168,BS,8.2,,,,,
B4,8,141,RS,,,,,,UNDER DBH
B4,8,155,BS,5.6,,,,,
B4,8,244,BS,8,,,,,
B4,8,162,BS,7.5,,,,,
B4,8,154,RS,3.8,,,,,
B4,8,161,NS,8.2,,,,,SPECIES=NS
B4,8,142,BS,2.5,,,,,DEAD
B4,8,133,BS,6.7,,,,,
B4,8,122,BS,5.8,,,,,
B4,8,132,BS,5,,,,,DEAD
B4,9,78,NS,8.7,,,,,SP=NORWAY SPRUCE
B4,9,77,RS,2.3,,,,,
B4,9,79,RS,4.5,,,,,
B4,9,1691,RS,1.5,,,,,RETAGGED
B4,9,80,WS,4.8,,,,,
B4,9,92,NS,9.1,,,,,SP=NS
B4,9,81,WS,9.7,,,,,
B4,9,89,WS,7.2,,,,,
B4,9,76,WS,8.6,,,,,
B4,9,88,RS,7.2,,,,,
B4,9,R91,RS,3.5,,,,,RETAGGED
B4,9,87,RS,2,,,,,
B4,9,75,RS,3.3,,,,,
B4,9,82,WS,11.8,,,,,
B4,9,74,WS,3.4,,,,,DEAD
B4,9,83,RS,5.2,,,,,
B4,9,86,WS,10,,,,,
B4,9,73,RS,7,,,,,
B4,9,R92,WS,7.9,,,,,RETAGGED
B4,9,85,RS,7.5,,,,,
B4,9,72,RS,5.6,,,,,
B4,9,84,WS,6.5,,,,,
B4,9,99,WS,10.3,,,,,
B4,9,109,RS,6.7,,,,,
B4,9,100,RS,5.4,,,,,
B4,9,98,RS,7,,,,,
B4,9,101,WS,5.7,,,,,
B4,9,108,WS,6.2,4.13,137,,,
B4,9,97,WS,5.8,,,,,
B4,9,102,WS,11,,,,,
B4,9,103,RS,3,,,,,
B4,9,96,WS,8.1,,,,,
B4,9,107,RS,4,,,,,
B4,9,95,BS,6.4,,,,,SP=BLACK SPRUCE
B4,9,R93,RS,1.5,,,,,RETAGGED
B4,9,106,WS,9.3,,,,,
B4,9,104,WS,1.4,,,,,DEAD
B4,9,105,WS,4.4,,,,,
B4,9,90,WS,11.3,,,,,
B4,9,116,RS,6.1,,,,,
B4,9,91,WS,6.1,,,,,
B4,9,117,BS,5.9,,,,,BLACK SPRUCE
B4,9,118,WS,4.2,,,,,
B4,9,116,RS,6.1,,,,,
B4,9,115,WS,6.1,,,,,
B4,9,114,RS,3.1,,,,,
B4,9,113,WS,5.6,,,,,BROKEN TOP
B4,9,112,WS,12.4,,,,,
B4,9,111,RS,1.8,,,,,
B4,9,119,WS,8,,,,,
B4,9,110,WS,10.5,,,,,
B4,9,121,RS,4.2,,,,,
B4,9,120,WS,7.7,,,,,
B4,10,18,NS,6.2,,,,,
B4,10,24,NS,5.8,,,,,
B4,10,25,NS,8.4,,,,,
B4,10,1550,NS,3.4,,,,,
B4,10,16,NS,7.7,,,,,
B4,10,19,NS,6.9,,,,,
B4,10,42,NS,9.8,,,,,
B4,10,15,NS,9.1,,,,,
B4,10,14,NS,11.1,,,,,
B4,10,1,NS,4.3,,,,,
B4,10,2,NS,10.6,,,,,
B4,10,13,NS,9.5,,,,,
B4,10,3,NS,9,,,,,
B4,10,37,NS,8.5,,,,,
B4,10,12,NS,2.5,,,,,
B4,10,36,NS,8.6,,,,,
B4,10,4,NS,8.3,,,,,
B4,10,5,NS,5.5,,,,,
B4,10,35,NS,10,,,,,
B4,10,34,NS,9.3,,,,,
B4,10,6,NS,5.7,,,,,
B4,10,33,NS,7.9,,,,,
B4,10,20,NS,7.4,,,,,
B4,10,42,NS,9.8,,,,,
B4,10,11,NS,4.5,,,,,
B4,10,10,NS,8.2,,,,,
B4,10,21,NS,5.5,,,,,
B4,10,22,NS,8.8,,,,,
B4,10,8,NS,7.6,,,,,
B4,10,23,NS,7.2,,,,,
B4,10,36,NS,8.6,,,,,
B4,10,9,NS,5.6,,,,,
B4,10,7,NS,4.3,,,,,
B4,10,17,NS,3.6,,,,,
B4,10,26,NS,8.4,,,,,
B4,10,48,NS,9.5,,,,,
B4,10,51,NS,,,,,,DEAD
B4,10,62,NS,8.5,,,,,
B4,10,65,NS,,,,,,DEAD
B4,10,67,NS,8.6,,,,,
B4,10,69,NS,6.3,,,,,
B4,10,60,NS,6.2,,,,,
B4,10,68,NS,5.7,,,,,
B4,10,61,NS,10.1,,,,,
B4,10,58,NS,5,,,,,
B4,10,59,NS,4.9,,,,,
B4,10,55,NS,6.8,,,,,
B4,10,56,NS,4.6,,,,,TIP-UP
B4,10,66,NS,5,,,,,
B4,10,57,NS,6.9,,,,,
B4,10,54,NS,6.4,,,,,
B4,10,64,NS,5.3,,,,,
B4,10,43,NS,7.5,,,,,
B4,10,44,NS,5.1,,,,,
B4,10,46,NS,8.6,,,,,
B4,10,63,NS,7,,,,,
B4,10,39,NS,8.9,,,,,
B4,10,45,NS,5.5,,,,,
B4,10,30,NS,7.3,,,,,
B4,10,53,NS,7.6,,,,,
B4,10,29,NS,6.8,,,,,
B4,10,52,NS,12.1,,,,,
B4,10,40,NS,9.5,,,,,
B4,10,50,NS,4.4,,,,,
B4,10,27,NS,8.3,,,,,
B4,10,47,NS,4.2,,,,,
B4,10,41,NS,8.2,,,,,
B4,10,49,NS,8.3,,,,,
B4,10,28,NS,7,,,,,
B4,10,17,NS,3.7,,,,,
B4,10,B1,NS,10.4,,,,,
B4,10,38,NS,8.8,,,,,
B4,10,27,NS,8.8,,,,,
B4,10,32,NS,9.1,,,,,
